年份,上架时间,商品ID,商品名称（查找引用）,货号（查找引用）,产品等级,链接,直播价,运营,组别,类目名称(索引),一级类目,二级类目,叶子类目,主图,品类-公司维度划分,团购优惠金额,继承S级标注,6-8月是否同意破价,是否正常开推广,父记录,多类目上架判断,检测报告
2022,2023/02/22,704311255565,动物园派对升级版,KQ22223,清仓,https://detail.tmall.com/item.htm?abbucket=7&id=704311255565&rn=624bb748bef19b32fad4830864d92170&spm=a1z10.3-b-s.w4011-14899565465.80.4642367c3uliNd&sku_properties=20017:12265477803,19.9,桃酥,运营三组,童装/婴儿装/亲子装>帽子/围巾/口罩/手套/耳套/脚套>帽子,童装/婴儿装/亲子装,帽子/围巾/口罩/手套/耳套/脚套,帽子,image.png,婴童防晒帽,,,同意,,,,
2023,2023/04/08,711430652022,逸享户外防晒外套,KQ23018,清仓,https://detail.tmall.com/item.htm?id=711430652022,55.9,虾滑,运营二组,童装/婴儿装/亲子装>儿童户外服>儿童皮肤衣/防晒衣,童装/婴儿装/亲子装,儿童户外服,儿童皮肤衣/防晒衣,image.png,防晒衣,,,同意,,,,
2022,2022/04/02,671904738338,呼吸防晒纯色冰袖,KQ24068,清仓,https://detail.tmall.com/item.htm?id=671904738338&spm=a21dvs.23580594.0.0.621e645eMkzztd,12.9/24.9,热狗,运营一组,童装/婴儿装/亲子装>帽子/围巾/口罩/手套/耳套/脚套>袖套/儿童冰袖,童装/婴儿装/亲子装,帽子/围巾/口罩/手套/耳套/脚套,袖套/儿童冰袖,image.png,冰袖,,,不同意,,,,
2023,2023/09/04,737125168286,抽象艺术画画罩衣,KQ23179,A级,https://detail.tmall.com/item.htm?id=737125168286&spm=a21ag.23983127.0.76.6a2750a5duaL5y,"29.9
两件装：54.8",洋葱,运营一组,童装/婴儿装/亲子装>反穿衣/罩衣>反穿衣/罩衣,童装/婴儿装/亲子装,反穿衣/罩衣,反穿衣/罩衣,image.png,罩衣/其他,,,不同意,,,,
2022,2022/09/16,684274398510,绅士公主儿童罩衣,KQ22198,清仓,https://detail.tmall.com/item.htm?id=684274398510&spm=a21dvs.23580594.0.0.484c4b51Y6Qgkv,35.9,桃酥,运营三组,童装/婴儿装/亲子装>反穿衣/罩衣>反穿衣/罩衣,童装/婴儿装/亲子装,反穿衣/罩衣,反穿衣/罩衣,image.png,罩衣/其他,,,同意,,,,
2023,2023/02/28,705186058821,夏宠冰果乐防晒冰袖,KQ23008,B级,https://detail.tmall.com/item.htm?id=705186058821&spm=a21dvs.23580594.0.0.484c4b51Y6Qgkv,29.9,栗子,运营二组,童装/婴儿装/亲子装>帽子/围巾/口罩/手套/耳套/脚套>袖套/儿童冰袖,童装/婴儿装/亲子装,帽子/围巾/口罩/手套/耳套/脚套,袖套/儿童冰袖,image.png,冰袖,,,不同意,,,,
2025,2025/02/10,885663070561,动物乐园空顶帽,KQ25002,清仓,https://detail.tmall.com/item.htm?id=885663070561&spm=a21dvs.23580594.0.0.5ceb4b519lrUDr&sku_properties=20017%3A36583056522,35.9,虾滑,运营二组,童装/婴儿装/亲子装>帽子/围巾/口罩/手套/耳套/脚套>帽子,童装/婴儿装/亲子装,帽子/围巾/口罩/手套/耳套/脚套,帽子,image.png,婴童防晒帽,,,同意,,,,
2025,2025/03/03,894779081318,小芭蕉防晒冰袖,KQ25035,B级,https://detail.tmall.com/item.htm?abbucket=5&id=894779081318&pisk=gGxxvNTeBbc0voSnmmguj1tl59MkXhp42IJQj1f05QdJGQ-ci1bgXlCJdZD2sCYR6QORGoDquN19g_AgjKx9zlpeQnDVjxS23GSstXmH6KJVb8V0ZOxYPu6wFtNff4jWHV31wXmnxL3f3GvStnAzIiBCKls1ls97P_WO1r_X1aZ5Q_ZfCos1NYBNNGZf5lN7PtXFh11618i5L9PbhGZ1V_6GhG161GMJFbUE6_wfslLCEpsx-l7QfltRHagkh_TyrAXfkivAwXGy2D7AOK18fXUmYqfOaHGoyLRplIXy6DhRAeRJXwstDWWvPpI5iMgLyipkgHIXvjEcEgfcRF_-hm9RDsQ6qwwguiL6ghQ2kRkeFiOy867jzbWJmHbOTaFSGLvRGwL9ibr1iepWwwxuZkjB8QKORMsrLHxKArVh9O4jeYUa7Z6yg8LOYM54wvWRtxnT7P7rUTCneYUa7Z6Pe6DxBPzNzY5..&rn=f33d59ca25cc7714fbfbaa710bb3a4ab&spm=a1z10.3-b-s.w4011-2629836412.127.3a13367cJqpub7,29.9,洋葱,运营一组,童装/婴儿装/亲子装>帽子/围巾/口罩/手套/耳套/脚套>袖套/儿童冰袖,童装/婴儿装/亲子装,帽子/围巾/口罩/手套/耳套/脚套,袖套/儿童冰袖,image.png,冰袖,,,不同意,,,,
2025,2025/02/17,888859746580,圈圈派对防晒帽,KQ25006,清仓,https://detail.tmall.com/item.htm?id=888859746580&sku_properties=20017%3A36718590450&spm=a211lz.success.0.0.721c2b903Iwmd5,39.9,虾滑,运营二组,童装/婴儿装/亲子装>帽子/围巾/口罩/手套/耳套/脚套>帽子,童装/婴儿装/亲子装,帽子/围巾/口罩/手套/耳套/脚套,帽子,image.png,其他防晒帽,,,同意,,,,
2025,2025/02/28,893677593864,小凉风骑行防晒帽,KQ25007,清仓,https://detail.tmall.com/item.htm?id=893677593864&spm=a21dvs.23580594.0.0.297e4b51I2xE4v&sku_properties=20017%3A31006832372,25.9,栗子,运营二组,童装/婴儿装/亲子装>帽子/围巾/口罩/手套/耳套/脚套>帽子,童装/婴儿装/亲子装,帽子/围巾/口罩/手套/耳套/脚套,帽子,image.png,其他防晒帽,,,同意,,,,
2025,2025/02/17,888780246961,泡泡果园渔夫帽,KQ25005,清仓,https://detail.tmall.com/item.htm?id=888780246961&spm=a21dvs.23580594.0.0.499630fck7wORd&sku_properties=20017%3A993330616,39.9,曲奇,运营三组,童装/婴儿装/亲子装>帽子/围巾/口罩/手套/耳套/脚套>帽子,童装/婴儿装/亲子装,帽子/围巾/口罩/手套/耳套/脚套,帽子,image.png,婴童防晒帽,,,同意,,,,
2025,2025/02/14,887323779176,果果岛呼吸盆帽,KQ25003,清仓,https://detail.tmall.com/item.htm?id=887323779176&spm=a21dvs.23580594.0.0.499630fcXLrV9F&sku_properties=20017%3A36668226472,29.9,桃酥,运营三组,童装/婴儿装/亲子装>帽子/围巾/口罩/手套/耳套/脚套>帽子,童装/婴儿装/亲子装,帽子/围巾/口罩/手套/耳套/脚套,帽子,image.png,其他防晒帽,,,同意,,,,
2025,2025/02/20,890700257827,森森物语渔夫帽,KQ25018,清仓,https://detail.tmall.com/item.htm?id=890700257827&spm=a21dvs.23580594.0.0.297e4b513NabSQ&skuId=5904440931182,"25.9
+冰袖：39.9",曲奇,运营三组,童装/婴儿装/亲子装>帽子/围巾/口罩/手套/耳套/脚套>帽子,童装/婴儿装/亲子装,帽子/围巾/口罩/手套/耳套/脚套,帽子,image.png,其他防晒帽,,,同意,,,,
2025,2025/02/26,892915633714,森森物语防晒冰袖,KQ25010,清仓,https://detail.tmall.com/item.htm?id=892915633714&spm=a21dvs.23580594.0.0.70514b51ffxYaf,19.9,曲奇,运营三组,童装/婴儿装/亲子装>帽子/围巾/口罩/手套/耳套/脚套>袖套/儿童冰袖,童装/婴儿装/亲子装,帽子/围巾/口罩/手套/耳套/脚套,袖套/儿童冰袖,image.png,冰袖,,,同意,,,,
2025,2025/02/14,887893701099,卷卷涂鸦双面帽,KQ25004,清仓,https://detail.tmall.com/item.htm?id=887893701099&spm=a21dvs.23580594.0.0.499630fcMB5Fxm&sku_properties=20017%3A17418244246,39.9,洋葱,运营一组,童装/婴儿装/亲子装>帽子/围巾/口罩/手套/耳套/脚套>帽子,童装/婴儿装/亲子装,帽子/围巾/口罩/手套/耳套/脚套,帽子,image.png,婴童防晒帽,,,同意,,,,
2025,2025/02/25,891858791859,点点艺术家防晒冰袖,KQ25027,B级,https://detail.tmall.com/item.htm?id=891858791859&spm=a21dvs.23580594.0.0.70514b51a38Aa6,29.9,桃酥,运营三组,童装/婴儿装/亲子装>帽子/围巾/口罩/手套/耳套/脚套>袖套/儿童冰袖,童装/婴儿装/亲子装,帽子/围巾/口罩/手套/耳套/脚套,袖套/儿童冰袖,image.png,冰袖,,,不同意,,,,
2025,2025/02/28,893665945888,轻呼吸运动空顶帽,KQ25016,清仓,https://detail.tmall.com/item.htm?abbucket=5&id=893665945888&pisk=gh2mvxfQGSlf0Lzpkzkf9OQH66fRGnMs-PptWA3Na4uSHqQjHclaJycwBoCfjG0u5qhx3qpiIl4_WfytWRxbEyv9HZ1bbdDtQwQdp9EfcAMNJjqKaDYjADTVBVl2axi9PD0nE9EbcVtD7MFPpF4CpJL2_VzZU4otAAoqQVWPqcmn7Auq_Urrb4uZQPl2aToIYIRq_f8PqmiD3CoZ0Torvm8w7PkNq4uSbb1DQ22aF87PG9kRFoiQEmcm8ufBQdDvpjgUz4JN8-nDR2rqrdJZuaQCRuqAopZ-hJ4nvrBynyqaA5luIU7n58qz35rWogk3q7FKi7b2I4exyXwqKhW4qx0mT8lXmKaUqlPKZ8IFdxDqu5HbXHbYq-4Yc8q9bQkmH7c3nvWBuVF8xRmgCN6u-lrQ_b2MoguWaBuXpdiPX8R61joSq2eWtKSfzH9VygjkOsGqVmQdqgA61joSq2IlqBTjg0iAJ&rn=912a11f5f73df2b50f6cf221174ce89d&spm=a1z10.3-b-s.w4011-2629836412.127.6708367civw2bR&sku_properties=20017%3A36901729944,25.9,洋葱,运营一组,童装/婴儿装/亲子装>帽子/围巾/口罩/手套/耳套/脚套>帽子,童装/婴儿装/亲子装,帽子/围巾/口罩/手套/耳套/脚套,帽子,image.png,其他防晒帽,,,同意,,,,
2025,2025/02/13,887476721043,小轻云立体口罩,KQ25013,清仓,https://detail.tmall.com/item.htm?id=887476721043&spm=a21dvs.23580594.0.0.499630fcFYrELg,12.9/19.9,曲奇,运营三组,童装/婴儿装/亲子装>帽子/围巾/口罩/手套/耳套/脚套>口罩,童装/婴儿装/亲子装,帽子/围巾/口罩/手套/耳套/脚套,口罩,image.png,罩衣/其他,,,同意,,,,
2025,2025/05/06,920082218607,小轻云立体口罩（成人链接）,KQ25013,清仓,https://detail.tmall.com/item.htm?id=920082218607&spm=a21dvs.23580594.0.0.6df14b51XSmpFk,12.9/19.9,曲奇,运营三组,居家日用>防护用品>口罩,居家日用,防护用品,口罩,image.png,罩衣/其他,,,同意,,,,
2025,2025/02/24,891775598822,山息之旅空顶帽,KQ25034,B级,https://detail.tmall.com/item.htm?id=891775598822&spm=a21dvs.23580594.0.0.297e30fcXKg90E&sku_properties=20017%3A36835001791,39.9,栗子,运营二组,童装/婴儿装/亲子装>帽子/围巾/口罩/手套/耳套/脚套>帽子,童装/婴儿装/亲子装,帽子/围巾/口罩/手套/耳套/脚套,帽子,image.png,其他防晒帽,,,同意,,,,
2025,2025/02/12,886876501935,沐风之旅运动折叠太阳镜,KQ25053,清仓,https://detail.tmall.com/item.htm?id=886876501935&sku_properties=122216343%3A35744623845,49.9,洋葱,运营一组,童装/婴儿装/亲子装>儿童配饰>太阳镜,童装/婴儿装/亲子装,儿童配饰,太阳镜,image.png,太阳镜,,,同意,,,,
2025,2025/02/21,890490623924,小薄荷真原纱防晒T,KQ25019,B级,https://detail.tmall.com/item.htm?id=890490623924,49.9,虾滑,运营二组,童装/婴儿装/亲子装>T恤>T恤,童装/婴儿装/亲子装,T恤,T恤,image.png,防晒衣,,,不同意,,,儿童速干T恤,
2025,2025/02/19,890112417053,小果冻真原纱冰皮衣,KQ25022,清仓,https://detail.tmall.com/item.htm?id=890112417053&spm=a21dvs.23580594.0.0.499630fccPuoAC,49.9,热狗,运营一组,童装/婴儿装/亲子装>儿童户外服>儿童皮肤衣/防晒衣,童装/婴儿装/亲子装,儿童户外服,儿童皮肤衣/防晒衣,image.png,防晒衣,,,同意,,,,
2025,2025/02/22,891069530362,绵绵冰真原纱防晒衣,KQ25052,清仓,https://detail.tmall.com/item.htm?id=891069530362&spm=a21dvs.23580594.0.0.5ceb4b51tLhYB0,69.9,热狗,运营一组,童装/婴儿装/亲子装>儿童户外服>儿童皮肤衣/防晒衣,童装/婴儿装/亲子装,儿童户外服,儿童皮肤衣/防晒衣,image.png,防晒衣,,,同意,,,,
2025,2025/03/14,898087491138,弹弹速干骑行短裤,KQ25041,清仓,https://detail.tmall.com/item.htm?abbucket=11&id=898087491138&pisk=g5oicVYS5Vz6ThdLJDZ6yIETDXLLflZbZjIYMoF28WPQX5d_X-zqwb4VDAL6nKVnG5UTb5I0mxcjMroYMmXsxbjAXCTs3iqY0QdJ23H6CoZ2w69UQe1_F86wD-PNYlwAO8Vux3HsCSZ2wQKJ2sfJ1ZWVuSl4YWyb3oya0R7eK-2ugoPau6kU3Wr4057aYWyYhi54_NJhLReagsSagHrUH-140olqLp2bTRr40biG07mqADReCDaP2AHIxR4gavY50iml2PPr3WS2aD2MN7katiS4_BdWNvD9sgMLf0cuefKFjbDqFqznm6RuGDDEbqkCsproK238S2ANmWnT9ziaqt-ZKlVgzDz1IGGrKxu8-DpyVlqa_qEsHTAtKcctCDDA3wrgX24oju-5_S3KEm2mcItnZxkSuymcsgo58aP12iweHD7flPyQK7nCrGJ6TTsw9pvhPFaadRdJKpbflPyQK7pHKa1_7Jw9w&rn=0623f606396828d50e3d9d21a579dcfa&spm=a1z10.3-b-s.w4011-2629836412.109.731f367c4B4dPe,"39.9
长裤：49.9
骑行服：79.9",洋葱,运营一组,童装/婴儿装/亲子装>裤子>裤子,童装/婴儿装/亲子装,裤子,裤子,image.png,罩衣/其他,,,同意,,,,
2025,2025/02/21,891219717399,小汽水速干T（大网眼）,KQ25037,A级,https://detail.tmall.com/item.htm?abbucket=5&id=891219717399&pisk=gyyIvtqmNeYBpoLgxwIZf_rXwaMSFz6VA3i8mupe2vHdPza8SLoPxMVs2PzSUYrR-zwSWuVFxb7HV5a3DXz7qMm-yzUSzW5N3kqnEYQqFtW4xJY1V-UBe0EO2mokpGlKQbrPBYQVuTOwXXbEeyuGYuY96m0tvphppGMtqmKKebnLXGi-4e3-JzEOfVmWwH3-ydptV08KeLdKBfnrAenpp2BOBVm-eLU-ebcyc01I-ksLUUohtNQTAV9JeRiOrqECPLiaQDNtlkeBKpjoAXgYvV_j43jE6uc7E3vSNkF0rmUpJaguCleLMrQwT2FjVoP7v9ptLJqLMbeArQEEL2MTpStJelMI5bySse_skJqTnAhNHiZTIyr3Cu-ReczqWk2KFtImdv3KCc2PSp3767eEtYYdP42_XJF54hJqlOrDNhGDFcgVfGOkZe7XTlkBFKzn9cmI_Gs6J7cKjcgVfGOkZXniAVS1feFl.&rn=912a11f5f73df2b50f6cf221174ce89d&spm=a1z10.3-b-s.w4011-2629836412.155.6708367civw2bR,39.9,热狗,运营一组,童装/婴儿装/亲子装>T恤>T恤,童装/婴儿装/亲子装,T恤,T恤,image.png,速干衣裤,,,不同意,,,儿童速干T恤,
2025,2025/02/21,890440263152,圈圈派对真原纱防晒衣,KQ25017,清仓,https://detail.tmall.com/item.htm?id=890440263152&spm=a21dvs.23580594.0.0.72134b51u6mJJE,59.9,热狗,运营一组,童装/婴儿装/亲子装>儿童户外服>儿童皮肤衣/防晒衣,童装/婴儿装/亲子装,儿童户外服,儿童皮肤衣/防晒衣,image.png,防晒衣,,,同意,,,,
2025,2025/03/07,896167257123,小旋风速干T短袖,KQ25038,清仓,https://detail.tmall.com/item.htm?abbucket=5&id=896167257123&pisk=gJjiv9455N8sB_1-66-_ytT6iUzL5AtXZsnvMnd48BRBXCF6XK8Vw_YqDOU_n-AhGCL9bCnDmtffMESvMiD1x_mxX5a13mxv07F82uB_Cnt4wzntvql6Fdo4DE-qYh9xOLAkxuB1CIMig8QU2jV7WnGZuI52YBJXenJw0d-UKKvkgnRwuXWe3BR20sRw8vJyeAlw7nJUKd9iudJqbeoeUKvqbs-4K9RB3bYn0QjVAMPF61faRKMCAdYMaORNBOIUrFu1BBmnYMbHkQrJtmoVxdXUh0FKqrdPPCLJa6rKjnXen6YRS7mGitW5uejm_RCPTZf2dwNmoQbVBasBJxuNKiAMzG8nUmByfK52owNo2dxO-UjG5-GFQ_dGzh6xE5BHrwYWLekm7hQReiTPblcW9U9ctUQgZcfP4ngEzCi-cpyAYqgX7p9Hwf9qARVEFcPLKJ075FJBB7e3KqgX7p9HwJ2nPfTwddFR.&rn=f33d59ca25cc7714fbfbaa710bb3a4ab&spm=a1z10.3-b-s.w4011-2629836412.123.3a13367cJqpub7,39.9,栗子,运营二组,童装/婴儿装/亲子装>T恤>T恤,童装/婴儿装/亲子装,T恤,T恤,image.png,速干衣裤,,,同意,,,儿童速干T恤,
2024,2024/02/20,768469506242,咕噜小猫眼亲子太阳镜,KQ24022,清仓,https://detail.tmall.com/item.htm?id=768469506242&sku_properties=122216343:1817568817,39.9/49.9,栗子,运营二组,童装/婴儿装/亲子装>儿童配饰>太阳镜,童装/婴儿装/亲子装,儿童配饰,太阳镜,image.png,太阳镜,,,同意,,,,
2026,2024/02/20,768469506242,【专供】晶瞳护眼太阳镜,KQ26091,清仓,https://detail.tmall.com/item.htm?id=768469506242&sku_properties=122216343:1817568817,"49.9
成人：59.9",栗子,运营二组,童装/婴儿装/亲子装>儿童配饰>太阳镜,童装/婴儿装/亲子装,儿童配饰,太阳镜,image.png,太阳镜,,,同意,,,,
2024,2024/03/04,771440914937,泡泡符号双面帽,KQ24016,清仓,https://detail.tmall.com/item.htm?id=771440914937&spm=a21dov.b63576985.0.0.624a4b51qmjb7n&sku_properties=20017:30881338741,29.9,栗子,运营二组,童装/婴儿装/亲子装>帽子/围巾/口罩/手套/耳套/脚套>帽子,童装/婴儿装/亲子装,帽子/围巾/口罩/手套/耳套/脚套,帽子,image.png,婴童防晒帽,,,同意,,,,
2023,2024/03/08,772459134667,缤纷夏日防晒冰袖,KQ23002,B级,https://detail.tmall.com/item.htm?id=772459134667&spm=a21dvs.23580594.0.0.621e3d0d3R1ejY,29.9/54.9,热狗,运营一组,童装/婴儿装/亲子装>帽子/围巾/口罩/手套/耳套/脚套>袖套/儿童冰袖,童装/婴儿装/亲子装,帽子/围巾/口罩/手套/耳套/脚套,袖套/儿童冰袖,image.png,冰袖,,,不同意,,,,
2024,2024/03/16,774506846868,野原之旅亲子防晒帽,KQ24018,清仓,https://detail.tmall.com/item.htm?id=774506846868&spm=a21dov.b63576985.0.0.302a4b51wnCTKg&sku_properties=20017:1371780412,39.9/49.9,栗子,运营二组,童装/婴儿装/亲子装>帽子/围巾/口罩/手套/耳套/脚套>帽子,童装/婴儿装/亲子装,帽子/围巾/口罩/手套/耳套/脚套,帽子,image.png,其他防晒帽,,,同意,,,,
2024,2024/03/07,772225822762,苹果岛屿亲子空顶帽,KQ24010,清仓,https://detail.tmall.com/item.htm?id=772225822762&sku_properties=20017:9919776;20509:1569043734&spm=a21dvs.23580594.0.0.621e645ezxbC1b,"儿童/成人：39.9
+冰袖：54.9",热狗,运营一组,童装/婴儿装/亲子装>帽子/围巾/口罩/手套/耳套/脚套>帽子,童装/婴儿装/亲子装,帽子/围巾/口罩/手套/耳套/脚套,帽子,image.png,其他防晒帽,,,不同意,,,,
2024,2024/03/26,777560134114,苹果岛屿亲子防晒冰袖,KQ24026,清仓,https://detail.tmall.com/item.htm?id=777560134114&spm=a21dvs.23580594.0.0.621e645eQD3O9T,"儿童：19.9
+冰袖：35.9
成人：25.9
+冰袖：54.9",热狗,运营一组,童装/婴儿装/亲子装>帽子/围巾/口罩/手套/耳套/脚套>袖套/儿童冰袖,童装/婴儿装/亲子装,帽子/围巾/口罩/手套/耳套/脚套,袖套/儿童冰袖,image.png,冰袖,,,不同意,,,,
2024,2024/04/15,784372913123,小凉风运动冰皮衣,KQ24052,清仓,https://detail.tmall.com/item.htm?id=784372913123&spm=a21dvs.23580594.0.0.621e3d0dLLSsWT,59.9,热狗,运营一组,童装/婴儿装/亲子装>儿童户外服>儿童皮肤衣/防晒衣,童装/婴儿装/亲子装,儿童户外服,儿童皮肤衣/防晒衣,image.png,防晒衣,,,同意,,,,
2024,2024/05/13,795479739770,帽子夹,KQ24038,B级,https://detail.tmall.com/item.htm?id=795479739770&skuId=5426723976553&spm=a21dvs.23580594.0.0.621e3d0dCcWSD5,19.9,热狗,运营一组,服饰配件/皮带/帽子/围巾>其他配件>其他配件,服饰配件/皮带/帽子/围巾,其他配件,其他配件,image.png,罩衣/其他,,,同意,,,,
2024,2024/04/15,784262186822,彩虹庄园运动冰皮衣,KQ24051,清仓,https://detail.tmall.com/item.htm?id=784262186822&spm=a21dvs.23580594.0.0.1d293d0dkOoXKO,49.9,曲奇,运营三组,童装/婴儿装/亲子装>儿童户外服>儿童皮肤衣/防晒衣,童装/婴儿装/亲子装,儿童户外服,儿童皮肤衣/防晒衣,image.png,防晒衣,,,同意,,,,
2024,2024/03/01,770655600961,莫奈多色双帽檐,KQ24007,清仓,https://detail.tmall.com/item.htm?id=770655600961&sku_properties=20017:1352104120&spm=a21dvs.23580594.0.0.621e3d0dwhhNxt,45.9,曲奇,运营三组,童装/婴儿装/亲子装>帽子/围巾/口罩/手套/耳套/脚套>帽子,童装/婴儿装/亲子装,帽子/围巾/口罩/手套/耳套/脚套,帽子,image.png,其他防晒帽,,,不同意,,,,
2024,2024/04/17,785251121780,小风车排汗T,KQ24062,清仓,https://detail.tmall.com/item.htm?id=785251121780,29.9/79.9,热狗,运营一组,童装/婴儿装/亲子装>T恤>T恤,童装/婴儿装/亲子装,T恤,T恤,image.png,速干衣裤,,,同意,,,儿童速干T恤,
2024,2024/03/21,775921335654,小探险家防晒盆帽,KQ24015,清仓,https://detail.tmall.com/item.htm?id=775921335654&sku_properties=20017:31249293104,34.9/46.9,曲奇,运营三组,童装/婴儿装/亲子装>帽子/围巾/口罩/手套/耳套/脚套>帽子,童装/婴儿装/亲子装,帽子/围巾/口罩/手套/耳套/脚套,帽子,image.png,其他防晒帽,,,同意,,,,
2024,2024/03/18,775074342974,呼吸防晒渔夫帽,KQ24013,清仓,https://detail.tmall.com/item.htm?id=775074342974&skuId=5473366591551,39.9,栗子,运营二组,童装/婴儿装/亲子装>帽子/围巾/口罩/手套/耳套/脚套>帽子,童装/婴儿装/亲子装,帽子/围巾/口罩/手套/耳套/脚套,帽子,image.png,其他防晒帽,,,同意,,,,
2023,2024/02/01,766096165452,KK树山息氧气冲锋衣,KQ23182,清仓,https://detail.tmall.com/item.htm?id=766096165452&spm=a211b3.detailpagenew.0.0.13235444PL3PQk,69.9,桃酥,运营三组,童装/婴儿装/亲子装>外套/夹克/大衣>普通外套,童装/婴儿装/亲子装,外套/夹克/大衣,普通外套,image.png,冲锋衣,,,同意,,,儿童冲锋衣,
2024,2024/03/21,775944862845,条条魔力半空顶披风帽,KQ24012,清仓,https://detail.tmall.com/item.htm?id=775944862845&sku_properties=20017:30178140164&spm=a21dvs.23580594.0.0.621e3d0dqmgayz,39.9/51.9,桃酥,运营三组,童装/婴儿装/亲子装>帽子/围巾/口罩/手套/耳套/脚套>帽子,童装/婴儿装/亲子装,帽子/围巾/口罩/手套/耳套/脚套,帽子,image.png,其他防晒帽,,,同意,,,,
2024,2024/03/12,773384131644,万花筒渔夫帽,KQ24017,清仓,https://detail.tmall.com/item.htm?abbucket=11&id=773384131644&rn=821bd4830e476582a254da87a6d113d0&sku_properties=20017:31025458137&spm=a1z10.3-b-s.w4011-14899565465.260.4bad367c1GRF5v,29.9,虾滑,运营二组,童装/婴儿装/亲子装>帽子/围巾/口罩/手套/耳套/脚套>帽子,童装/婴儿装/亲子装,帽子/围巾/口罩/手套/耳套/脚套,帽子,image.png,婴童防晒帽,,,同意,,,,
2024,2024/04/01,779241881896,探险家防晒冰袖,KQ24050,清仓,https://detail.tmall.com/item.htm?id=779241881896,19.9,虾滑,运营二组,童装/婴儿装/亲子装>帽子/围巾/口罩/手套/耳套/脚套>袖套/儿童冰袖,童装/婴儿装/亲子装,帽子/围巾/口罩/手套/耳套/脚套,袖套/儿童冰袖,image.png,冰袖,,,同意,,,,
2024,2024/03/14,773877859783,海洋之翼冰皮衣（主）,KQ24029,清仓,https://detail.tmall.com/item.htm?id=773877859783,69.9,曲奇,运营三组,童装/婴儿装/亲子装>儿童户外服>儿童皮肤衣/防晒衣,童装/婴儿装/亲子装,儿童户外服,儿童皮肤衣/防晒衣,image.png,防晒衣,,,同意,,,,
2024,2025/04/09,908350246278,海洋之翼冰皮衣（副）,KQ24029,清仓,https://detail.tmall.com/item.htm?id=908350246278&spm=a21dvs.23580594.0.0.5f7f645efXpT14,69.9,曲奇,运营三组,童装/婴儿装/亲子装>儿童户外服>儿童皮肤衣/防晒衣,童装/婴儿装/亲子装,儿童户外服,儿童皮肤衣/防晒衣,image.png,防晒衣,,,同意,,,,
2024,2024/03/26,777474335065,小海绵排汗衣,KQ24060,清仓,https://detail.tmall.com/item.htm?id=777474335065&skuId=5316674853124,29.9/49.9,虾滑,运营二组,童装/婴儿装/亲子装>T恤>T恤,童装/婴儿装/亲子装,T恤,T恤,image.png,速干衣裤,,,同意,,,儿童速干T恤,
2024,2024/04/25,788127680304,彩虹庄园运动冰袖,KQ24053,清仓,https://detail.tmall.com/item.htm?id=788127680304&spm=a21dvs.23580594.0.0.4d563d0dblHReu,19.9,曲奇,运营三组,童装/婴儿装/亲子装>帽子/围巾/口罩/手套/耳套/脚套>袖套/儿童冰袖,童装/婴儿装/亲子装,帽子/围巾/口罩/手套/耳套/脚套,袖套/儿童冰袖,image.png,冰袖,,,同意,,,,
2024,2024/03/22,776223228579,双色雪糕球冰皮衣,KQ24030,清仓,https://detail.tmall.com/item.htm?id=776223228579,69.9/79.9,栗子,运营二组,童装/婴儿装/亲子装>儿童户外服>儿童皮肤衣/防晒衣,童装/婴儿装/亲子装,儿童户外服,儿童皮肤衣/防晒衣,image.png,防晒衣,,,同意,,,,
2024,2024/04/17,785108453459,汗跑跑速干T,KQ24064,清仓,https://detail.tmall.com/item.htm?id=785108453459&spm=a21dvs.23580594.0.0.621e3d0dVk9IkA,"短袖：29.9
长袖：39.9
长裤：49.9
短袖套装：69.9
长袖套装：79.9",洋葱,运营一组,童装/婴儿装/亲子装>T恤>T恤,童装/婴儿装/亲子装,T恤,T恤,image.png,速干衣裤,,,同意,,,儿童速干T恤,
2024,2024/04/08,781622968811,灵感涂鸦防晒帽,KQ24047,B级,https://detail.tmall.com/item.htm?id=781622968811&sku_properties=20017:31720779494&spm=a21dvs.23580594.0.0.621e645eYR134F,39.9,热狗,运营一组,童装/婴儿装/亲子装>帽子/围巾/口罩/手套/耳套/脚套>帽子,童装/婴儿装/亲子装,帽子/围巾/口罩/手套/耳套/脚套,帽子,image.png,婴童防晒帽,,,同意,,,,
2024,2024/03/28,778078942562,破风专业运动太阳镜,KQ24035,清仓,https://detail.tmall.com/item.htm?abbucket=11&id=778078942562&pisk=gu--YjYwpjck-_siq0gcKVxeAKDDyHpzDQJ_x6fuRIdvNI-lZ6b3vkCvCaDytBYA9IOANuDrzw1pasA3xLxpukpwL3DPxYSyUMSIsfmM9LJPYyttJq-dcK6NdD4CPzsPcSgh6snijLJYETMMhcxlBywRFyZBOa1Xh9CfF61QAxQfI9sQVwZWhs1VdMsCN9NfG9WNF965OxFfCT1QNka5hZ6GI9sCAB1fhsWIZghdG813vF3weUEYdbjhYnBRy19x7kZdulb51_CbAfOVe556FsEQA_Gm_fJvEbEwng-96OAocud9dd8CkHFj66-vh3TB37HfXKLDSaLxNkCDqsbwVGeIVKIRwNtfz8Ey1KpBSZKmCcSRV_Th4p2tZKKJZL-vKJaf2gYAW3Isb71HodKdpHlEDCpBQe_vv7IrZhxTI2PG694SHxUU8a6qjTxfPG5zMAWAsYnL8y7q3tCiHxUU8a6VH1D-pyzFux5..&rn=bcbb7e67af8ee721c8351e64e87f5b78&spm=a1z10.3-b-s.w4011-14899565465.339.731f367cqAtSDx,69.9,虾滑,运营二组,童装/婴儿装/亲子装>儿童配饰>太阳镜,童装/婴儿装/亲子装,儿童配饰,太阳镜,image.png,太阳镜,,,同意,,,,
2024,2024/02/27,769888744872,杂花生树圆框太阳镜,KQ24021,清仓,https://detail.tmall.com/item.htm?id=769888744872&spm=a21dvs.23580594.0.0.3bc12c1b8MZtaM&skuId=5772489213936,45.9,虾滑,运营二组,童装/婴儿装/亲子装>儿童配饰>太阳镜,童装/婴儿装/亲子装,儿童配饰,太阳镜,image.png,太阳镜,,,同意,,,,
2023,2023/03/09,706691585141,夏宠冰果乐披风帽,KQ23020,S级,https://detail.tmall.com/item.htm?id=706691585141&spm=a21y7.12701734.0.0.3b5047a11jxY75&sku_properties=20017:24533058956,45.9/60.9,栗子,运营二组,童装/婴儿装/亲子装>帽子/围巾/口罩/手套/耳套/脚套>帽子,童装/婴儿装/亲子装,帽子/围巾/口罩/手套/耳套/脚套,帽子,image.png,其他防晒帽,5,继承,不同意,,,,
2024,2024/03/18,775068828546,薄荷糖冰皮衣,KQ24031,清仓,https://detail.tmall.com/item.htm?id=775068828546&spm=a21dov.b63576985.0.0.3a024b519lSIGa,59.9/69.9,桃酥,运营三组,童装/婴儿装/亲子装>儿童户外服>儿童皮肤衣/防晒衣,童装/婴儿装/亲子装,儿童户外服,儿童皮肤衣/防晒衣,image.png,防晒衣,,,同意,,,,
2024,2024/02/22,768898673315,零压运动一体帽,KQ24025,清仓,https://detail.tmall.com/item.htm?id=768898673315&sku_properties=20017:32423561234;20509:32423481633,39.9,曲奇,运营三组,童装/婴儿装/亲子装>帽子/围巾/口罩/手套/耳套/脚套>帽子,童装/婴儿装/亲子装,帽子/围巾/口罩/手套/耳套/脚套,帽子,image.png,其他防晒帽,,,不同意,,,,
2023,2023/03/24,708978288075,时尚偏光圆框太阳镜,KQ23060,A级,https://detail.tmall.com/item.htm?id=708978288075,59.9,曲奇,运营三组,童装/婴儿装/亲子装>儿童配饰>太阳镜,童装/婴儿装/亲子装,儿童配饰,太阳镜,image.png,太阳镜,,,不同意,,,,
2025,2025/02/14,887508274682,小芭蕉卷卷帽,KQ25024,S级,https://detail.tmall.com/item.htm?id=887508274682&spm=a21dvs.23580594.0.0.499630fcmkv6uB&sku_properties=20017%3A36665211626,"49.9
熠熠生花：59.9
冰袖：64.9
熠熠生花+冰袖：74.9",洋葱,运营一组,童装/婴儿装/亲子装>帽子/围巾/口罩/手套/耳套/脚套>帽子,童装/婴儿装/亲子装,帽子/围巾/口罩/手套/耳套/脚套,帽子,image.png,其他防晒帽,5,继承,不同意,,,,
2025,2025/04/28,917508646678,小芭蕉卷卷帽（成人链接）,KQ25024,S级,https://detail.tmall.com/item.htm?abbucket=11&id=917508646678&pisk=gaUnczjbAkoByx6tXPgCmWGiN_std2gSn8L-e4HPbAksJvBIJbozH-myyWICZ_DgFvnK8vLor727e0z-ezAQS-YJJ9sQaU0-ztBAkZFCO4gPHEZElNpIGjAFyboy72GJCjDmSZFQOY_3qzJlkQ2I_nOy4Yyr7Alot4lEzX7NsbcmU4kE4dPZaAurzDlrbCloN38yYY5G7bhXYY8raf-Zij9rz4yz_1cSQXurzbNXzx4z5PW_esDLRoaaSXmn35jXzU2DkDH4hALP3PchhxPEIU8rLOBfh5VdKENtRr2mMJQw--VzGuogrdWmFPVa8uP6K1u0slExxlXerAUKBmaEoQ7Us2Dn0PoBtew4s7rxjPCVl20ELu3QwIXLsy2LOPVJahunJlm0-q7XLYETizcuPT_gn7Pb4c4kKgl2bnr4WUGNwP-WVDlssxh7pjfGQITFB1fMcMiE1XBAs1xWVDlssxCGsn9IYfGdH&rn=b000952cc289b6e16f20f5e37658657b&spm=a1z10.3-b-s.w4011-2629836412.126.4487367ctzj9AH,"49.9
+冰袖：59.9",洋葱,运营一组,服饰配件/皮带/帽子/围巾>帽子>帽子,服饰配件/皮带/帽子/围巾,帽子,帽子,image.png,其他防晒帽,,,不同意,,,,
2025,2025/02/19,889688262129,云朵呼吸防晒帽,KQ25009,B级,https://detail.tmall.com/item.htm?id=889688262129&spm=a21dvs.23580594.0.0.499630fcZRF7NS&sku_properties=20017%3A9204680829,49.9,栗子,运营二组,童装/婴儿装/亲子装>帽子/围巾/口罩/手套/耳套/脚套>帽子,童装/婴儿装/亲子装,帽子/围巾/口罩/手套/耳套/脚套,帽子,image.png,其他防晒帽,,,同意,,,,
2026,2025/02/19,889688262129,【专供】云朵卷卷防晒帽,KQ26093,清仓,https://detail.tmall.com/item.htm?id=1031298321286&spm=a21dvs.23580594.0.0.4ead645efBI0tV,49.9,栗子,运营二组,童装/婴儿装/亲子装>帽子/围巾/口罩/手套/耳套/脚套>帽子,童装/婴儿装/亲子装,帽子/围巾/口罩/手套/耳套/脚套,帽子,image.png,其他防晒帽,,,同意,,,,
2025,2025/02/17,889492928895,点点艺术家空顶披风帽,KQ25001,A级,https://detail.tmall.com/item.htm?id=889492928895&spm=a21dvs.23580594.0.0.499630fck7wORd&sku_properties=20509%3A36713911208,49.9/61.9,桃酥,运营三组,童装/婴儿装/亲子装>帽子/围巾/口罩/手套/耳套/脚套>帽子,童装/婴儿装/亲子装,帽子/围巾/口罩/手套/耳套/脚套,帽子,image.png,其他防晒帽,,,不同意,,,,
2025,2025/02/18,889311334671,小奶皮防晒口罩,KQ25012,B级,https://detail.tmall.com/item.htm?id=889311334671&spm=a211b3.detailpagenew.0.0.3ba85444xlNrhY,29.9/49.9,桃酥,运营三组,童装/婴儿装/亲子装>帽子/围巾/口罩/手套/耳套/脚套>口罩,童装/婴儿装/亲子装,帽子/围巾/口罩/手套/耳套/脚套,口罩,image.png,罩衣/其他,,,同意,,,,
2025,2025/02/12,886983305444,小氧气防晒披肩帽,KQ25023,清仓,https://detail.tmall.com/item.htm?id=886983305444&spm=a21dvs.23580594.0.0.499630fcEfmuBy&sku_properties=20017%3A36626625989,49.9,热狗,运营一组,童装/婴儿装/亲子装>帽子/围巾/口罩/手套/耳套/脚套>帽子,童装/婴儿装/亲子装,帽子/围巾/口罩/手套/耳套/脚套,帽子,image.png,其他防晒帽,,,同意,,,,
2025,2025/02/12,887243232283,分龄成长软软镜,KQ25029,A级,https://detail.tmall.com/item.htm?id=887243232283&spm=a21dvs.23580594.0.0.621e2c1bAVqHFD,59.9,热狗,运营一组,童装/婴儿装/亲子装>儿童配饰>太阳镜,童装/婴儿装/亲子装,儿童配饰,太阳镜,image.png,太阳镜,,,不同意,,,,
2025,2025/02/12,886506466908,分龄成长软软镜/稳稳镜/酷酷镜,KQ25029,A级,https://detail.tmall.com/item.htm?id=886506466908&spm=a21dvs.23580594.0.0.621e2c1bAVqHFD,59.9/69.9,热狗,运营一组,童装/婴儿装/亲子装>儿童配饰>太阳镜,童装/婴儿装/亲子装,儿童配饰,太阳镜,image.png,其他防晒帽,,,不同意,,,,
2025,2025/02/12,886958213837,逐风骑行稳稳镜,KQ25043,B级,https://detail.tmall.com/item.htm?id=886958213837&spm=a21dvs.23580594.0.0.499630fchqA4P8,89.9,虾滑,运营二组,童装/婴儿装/亲子装>儿童配饰>太阳镜,童装/婴儿装/亲子装,儿童配饰,太阳镜,image.png,太阳镜,,,不同意,,,,
2025,2025/02/11,886514237462,太空客运动太阳镜,KQ25011,B级,https://detail.tmall.com/item.htm?id=886514237462&spm=a21dvs.23580594.0.0.5ceb4b519lrUDr,79.9,热狗,运营一组,童装/婴儿装/亲子装>儿童配饰>太阳镜,童装/婴儿装/亲子装,儿童配饰,太阳镜,image.png,太阳镜,,,不同意,,,,
2025,2025/02/14,888266272937,冰奶酪真原纱防晒衣,KQ25033,S级,https://detail.tmall.com/item.htm?id=888266272937&spm=a21dvs.23580594.0.0.499630fcMB5Fxm,79.9,栗子,运营二组,童装/婴儿装/亲子装>儿童户外服>儿童皮肤衣/防晒衣,童装/婴儿装/亲子装,儿童户外服,儿童皮肤衣/防晒衣,image.png,防晒衣,5,,不同意,,,,
2025,2025/02/17,888804666382,冰淇淋真原纱冰皮衣,KQ25014,B级,https://detail.tmall.com/item.htm?id=888804666382&spm=a21dvs.23580594.0.0.499630fck7wORd&sku_properties=1627207%3A27432,59.9,曲奇,运营三组,童装/婴儿装/亲子装>儿童户外服>儿童皮肤衣/防晒衣,童装/婴儿装/亲子装,儿童户外服,儿童皮肤衣/防晒衣,image.png,防晒衣,,,不同意,,,,
2025,2025/08/18,966734526905,小护盾兜兜罩衣,KQ25091,B级,https://detail.tmall.com/item.htm?id=966734526905&spm=a21dvs.23580594.0.0.2e52645eBNNA3Y,29.9/52.8,曲奇,运营三组,童装/婴儿装/亲子装>反穿衣/罩衣>反穿衣/罩衣,童装/婴儿装/亲子装,反穿衣/罩衣,反穿衣/罩衣,image.png,罩衣/其他,,,同意,,,,
2025,2025/07/30,958950478879,咻咻小飞盘,KQ25113,B级,https://detail.tmall.com/item.htm?id=958950478879&spm=a21dvs.23580594.0.0.506c645ekQb2B8&skuId=6055328907784,30.0,热狗,运营一组,玩具/童车/益智/早教/游乐设备>户外运动/休闲/传统玩具>飞盘/飞碟/竹蜻蜓类,玩具/童车/益智/早教/游乐设备,户外运动/休闲/传统玩具,飞盘/飞碟/竹蜻蜓类,image.png,罩衣/其他,,,同意,,,,
2025,2025/08/27,969768918459,趣兜兜罩衣,KQ25106,B级,https://detail.tmall.com/item.htm?id=969768918459&spm=a21dvs.23580594.0.0.2e52645e5JnthG,49.9,桃酥,运营三组,童装/婴儿装/亲子装>反穿衣/罩衣>反穿衣/罩衣,童装/婴儿装/亲子装,反穿衣/罩衣,反穿衣/罩衣,image.png,罩衣/其他,,,不同意,,,,
2025,2025/08/27,970509073285,小萌仔背带罩衣,KQ25107,A级,https://detail.tmall.com/item.htm?id=970509073285&skuId=5918772224833,49.9,洋葱,运营一组,童装/婴儿装/亲子装>反穿衣/罩衣>反穿衣/罩衣,童装/婴儿装/亲子装,反穿衣/罩衣,反穿衣/罩衣,image.png,罩衣/其他,,,不同意,,,,
2022,2022/08/25,681876741728,玩转潮流K标针织帽（主）,KQ22168,A级,https://detail.tmall.com/item.htm?id=681876741728&spm=a21dvs.23580594.0.0.2ddb30fcRpVrmJ&sku_properties=20509:993330616,26.9,热狗,运营一组,童装/婴儿装/亲子装>帽子/围巾/口罩/手套/耳套/脚套>帽子,童装/婴儿装/亲子装,帽子/围巾/口罩/手套/耳套/脚套,帽子,image.png,秋冬帽,,,不同意,,,,
2022,2025/08/06,962723281702,玩转潮流K标针织帽（副）,KQ22168,A级,https://detail.tmall.com/item.htm?id=962723281702&spm=a21dvs.23580594.0.0.4b2f4b51oGqcpB&sku_properties=20509%3A993330616,26.9,热狗,运营一组,童装/婴儿装/亲子装>帽子/围巾/口罩/手套/耳套/脚套>帽子,童装/婴儿装/亲子装,帽子/围巾/口罩/手套/耳套/脚套,帽子,image.png,秋冬帽,,,不同意,,,,
2023,2023/09/19,739586372484,野营日记手套,KQ23167,清仓,https://detail.tmall.com/item.htm?id=739586372484&spm=a21dvs.23580594.0.0.484c30fcsUY1XS,35.9,热狗,运营一组,童装/婴儿装/亲子装>帽子/围巾/口罩/手套/耳套/脚套>手套,童装/婴儿装/亲子装,帽子/围巾/口罩/手套/耳套/脚套,手套,image.png,秋冬帽,,,不同意,,,,
2022,2022/09/01,682872982288,冰雪大冒险滑雪手套,KQ22177,A级,https://detail.tmall.com/item.htm?id=682872982288&spm=a21dvs.23580594.0.0.484c30fcsUY1XS,29.9,桃酥,运营三组,童装/婴儿装/亲子装>帽子/围巾/口罩/手套/耳套/脚套>手套,童装/婴儿装/亲子装,帽子/围巾/口罩/手套/耳套/脚套,手套,image.png,滑雪,,,不同意,,,,
2023,2023/09/04,737095728477,森之精灵熊熊帽,KQ23177,清仓,https://detail.tmall.com/item.htm?id=737095728477&spm=a21dvs.23580594.0.0.484c30fcsUY1XS&sku_properties=20017:352972888,35.9,热狗,运营一组,童装/婴儿装/亲子装>帽子/围巾/口罩/手套/耳套/脚套>帽子,童装/婴儿装/亲子装,帽子/围巾/口罩/手套/耳套/脚套,帽子,image.png,秋冬帽,,,同意,,,,
2023,2023/09/09,738174017368,糯米米护耳帽,KQ23194,清仓,https://detail.tmall.com/item.htm?id=738174017368&spm=a21dvs.23580594.0.0.484c4b51Y6Qgkv&sku_properties=20017:993330616,"49.9
手套：74.9
围巾：82.9
手套+围巾：105.9",曲奇,运营三组,童装/婴儿装/亲子装>帽子/围巾/口罩/手套/耳套/脚套>帽子,童装/婴儿装/亲子装,帽子/围巾/口罩/手套/耳套/脚套,帽子,image.png,秋冬帽,,,不同意,,,,
2023,2023/10/17,743377700499,小极光滑雪镜,KQ23200,B级,https://detail.tmall.com/item.htm?id=743377700499&spm=a21dvs.23580594.0.0.484c4b51Y6Qgkv,148/168,曲奇,运营三组,户外/登山/野营/旅行用品>滑雪>滑雪眼镜,户外/登山/野营/旅行用品,滑雪,滑雪眼镜,image.png,滑雪,,,不同意,,,,
2023,2023/10/07,742142981452,小暖皮滑雪头套,KQ23199,A级,https://detail.tmall.com/item.htm?id=742142981452&spm=a21dvs.23580594.0.0.484c4b51Y6Qgkv&sku_properties=20017:27840304393;20509:28041419602,57.9,热狗,运营一组,童装/婴儿装/亲子装>帽子/围巾/口罩/手套/耳套/脚套>帽子,童装/婴儿装/亲子装,帽子/围巾/口罩/手套/耳套/脚套,帽子,image.png,滑雪,,,不同意,,,,
2023,2023/10/19,743797973749,小暖壳滑雪手套,KQ23214,A级,https://detail.tmall.com/item.htm?id=743797973749&spm=a21dvs.23580594.0.0.484c4b51Y6Qgkv,49.9,热狗,运营一组,童装/婴儿装/亲子装>帽子/围巾/口罩/手套/耳套/脚套>手套,童装/婴儿装/亲子装,帽子/围巾/口罩/手套/耳套/脚套,手套,image.png,滑雪,,,不同意,,,,
2021,2022/09/03,682867337709,潮流撞色围巾,KQ21304,B级,https://detail.tmall.com/item.htm?id=682867337709&spm=a21dvs.23580594.0.0.484c4b51Y6Qgkv&sku_properties=20017:73323856,25.9,洋葱,运营一组,童装/婴儿装/亲子装>帽子/围巾/口罩/手套/耳套/脚套>围巾,童装/婴儿装/亲子装,帽子/围巾/口罩/手套/耳套/脚套,围巾,image.png,秋冬帽,,,不同意,,,,
2022,2022/08/31,682807626332,撞色奇趣双帽檐,KQ22166,清仓,https://detail.tmall.com/item.htm?id=682807626332&spm=a21dvs.23580594.0.0.484c4b51Y6Qgkv,25.9,洋葱,运营一组,童装/婴儿装/亲子装>帽子/围巾/口罩/手套/耳套/脚套>帽子,童装/婴儿装/亲子装,帽子/围巾/口罩/手套/耳套/脚套,帽子,image.png,其他防晒帽,,,不同意,,,,
2022,2022/09/01,682875106676,暖意时光毛绒动物面罩帽,KQ22195,清仓,https://detail.tmall.com/item.htm?id=682875106676&spm=a21dvs.23580594.0.0.484c4b51Y6Qgkv&sku_properties=20017:27671887450,39.9,栗子,运营二组,童装/婴儿装/亲子装>帽子/围巾/口罩/手套/耳套/脚套>帽子,童装/婴儿装/亲子装,帽子/围巾/口罩/手套/耳套/脚套,帽子,image.png,秋冬帽,,,同意,,,,
2023,2023/09/19,739763545993,糯米米五指手套,KQ23197,A级,https://detail.tmall.com/item.htm?id=739763545993&spm=a21dvs.23580594.0.0.484c4b51Y6Qgkv&sku_properties=20017:50760276,25.9,虾滑,运营二组,童装/婴儿装/亲子装>帽子/围巾/口罩/手套/耳套/脚套>手套,童装/婴儿装/亲子装,帽子/围巾/口罩/手套/耳套/脚套,手套,image.png,秋冬帽,,,不同意,,,,
2023,2023/09/11,738290184125,糯米米围巾,KQ23195,清仓,https://detail.tmall.com/item.htm?id=738290184125&spm=a21dvs.23580594.0.0.484c4b51Y6Qgkv&sku_properties=20017:512840883,39.9,虾滑,运营二组,童装/婴儿装/亲子装>帽子/围巾/口罩/手套/耳套/脚套>围巾,童装/婴儿装/亲子装,帽子/围巾/口罩/手套/耳套/脚套,围巾,image.png,秋冬帽,,,不同意,,,,
2022,2022/09/07,683310641358,暖化冬日翻盖纽扣手套,KQ22190,清仓,https://detail.tmall.com/item.htm?id=683310641358&spm=a21dvs.23580594.0.0.484c4b51Y6Qgkv&sku_properties=20017:22456817394,19.9,虾滑,运营二组,童装/婴儿装/亲子装>帽子/围巾/口罩/手套/耳套/脚套>手套,童装/婴儿装/亲子装,帽子/围巾/口罩/手套/耳套/脚套,手套,image.png,秋冬帽,,,同意,,,,
2019,2019/08/29,601702333079,卡通针织套头一体帽,KQ19300,清仓,https://detail.tmall.com/item.htm?id=601702333079&spm=a21dvs.23580594.0.0.484c4b51Y6Qgkv&sku_properties=20509:23355242931,25.9,虾滑,运营二组,童装/婴儿装/亲子装>帽子/围巾/口罩/手套/耳套/脚套>帽子,童装/婴儿装/亲子装,帽子/围巾/口罩/手套/耳套/脚套,帽子,image.png,秋冬帽,,,同意,,,,
2024,2024/08/27,828531251025,超好rua抱耳帽,KQ24086,A级,https://detail.tmall.com/item.htm?id=828531251025&spm=a21dvs.23580594.0.0.493430fcj0C1MT&sku_properties=20017:12690901345,"39.9
手套：65.9
围巾：69.9
手套+围巾：99.9",虾滑,运营二组,童装/婴儿装/亲子装>帽子/围巾/口罩/手套/耳套/脚套>帽子,童装/婴儿装/亲子装,帽子/围巾/口罩/手套/耳套/脚套,帽子,image.png,秋冬帽,,,不同意,,,,
2024,2024/08/27,828548679266,超好rua瓜皮帽,KQ24114,清仓,https://detail.tmall.com/item.htm?id=828548679266&spm=a21dvs.23580594.0.0.493430fcj0C1MT&sku_properties=20017:33840180277,"29.9
手套：55.9
围巾：69.9
手套+围巾：89.9",虾滑,运营二组,童装/婴儿装/亲子装>帽子/围巾/口罩/手套/耳套/脚套>帽子,童装/婴儿装/亲子装,帽子/围巾/口罩/手套/耳套/脚套,帽子,image.png,秋冬帽,,,同意,,,,
2024,2024/09/02,830943076363,Rainbow彩虹翻盖手套,KQ24110,清仓,https://detail.tmall.com/item.htm?id=830943076363&spm=a21dvs.23580594.0.0.411f4b51f9YIXu&sku_properties=20017:123867593,29.9,热狗,运营一组,童装/婴儿装/亲子装>帽子/围巾/口罩/手套/耳套/脚套>手套,童装/婴儿装/亲子装,帽子/围巾/口罩/手套/耳套/脚套,手套,image.png,秋冬帽,,,同意,,,,
2024,2024/09/02,830796129599,Rainbow彩虹围巾,KQ24088,清仓,https://detail.tmall.com/item.htm?id=830796129599&spm=a21dvs.23580594.0.0.411f4b51f9YIXu&sku_properties=20017:767712315,"儿童：42.9
成人：45.9",热狗,运营一组,童装/婴儿装/亲子装>帽子/围巾/口罩/手套/耳套/脚套>围巾,童装/婴儿装/亲子装,帽子/围巾/口罩/手套/耳套/脚套,围巾,image.png,秋冬帽,,,不同意,,,,
2024,2024/08/28,829304865675,超好rua翻盖手套,KQ24111,A级,https://detail.tmall.com/item.htm?id=829304865675&spm=a21xr.9711232.bodylink.1.68c147a1NoIxTQ&sku_properties=20017:9921492,29.9,桃酥,运营三组,童装/婴儿装/亲子装>帽子/围巾/口罩/手套/耳套/脚套>手套,童装/婴儿装/亲子装,帽子/围巾/口罩/手套/耳套/脚套,手套,image.png,秋冬帽,,,不同意,,,,
2024,2024/08/29,829783248608,柿柿如意球球帽,KQ24120,清仓,https://detail.tmall.com/item.htm?spm=a211lz.success.0.0.29772b90Ayphs4&id=829783248608&sku_properties=20017:1352104120,"35.9
围巾/手套：49.9
围巾+手套：69.9",曲奇,运营三组,童装/婴儿装/亲子装>帽子/围巾/口罩/手套/耳套/脚套>帽子,童装/婴儿装/亲子装,帽子/围巾/口罩/手套/耳套/脚套,帽子,image.png,秋冬帽,,,同意,,,,
2024,2024/08/28,829203653729,小熊仔一体帽,KQ24092,A级,https://detail.tmall.com/item.htm?id=829203653729&spm=a21dvs.23580594.0.0.69004b51CL0n6e&sku_properties=20017:9921492,"49.9
手套：69.9",曲奇,运营三组,童装/婴儿装/亲子装>帽子/围巾/口罩/手套/耳套/脚套>帽子,童装/婴儿装/亲子装,帽子/围巾/口罩/手套/耳套/脚套,帽子,image.png,秋冬帽,,,不同意,,,,
2024,2024/08/28,828991842080,小熊仔一体手套,KQ24123,B级,https://detail.tmall.com/item.htm?id=828991842080&spm=a21dvs.23580594.0.0.59234b51S1jYbz,25.9,曲奇,运营三组,童装/婴儿装/亲子装>帽子/围巾/口罩/手套/耳套/脚套>手套,童装/婴儿装/亲子装,帽子/围巾/口罩/手套/耳套/脚套,手套,image.png,秋冬帽,,,不同意,,,,
2024,2024/08/31,830172405906,超好rua绒绒围巾,KQ24117,B级,https://detail.tmall.com/item.htm?spm=a211lz.success.0.0.2dec2b90hVRenB&id=830172405906&sku_properties=20017:1779384623,39.9,虾滑,运营二组,童装/婴儿装/亲子装>帽子/围巾/口罩/手套/耳套/脚套>围巾,童装/婴儿装/亲子装,帽子/围巾/口罩/手套/耳套/脚套,围巾,image.png,秋冬帽,,,不同意,,,,
2024,2024/08/30,830021552982,小笼包护耳帽,KQ24084,清仓,https://detail.tmall.com/item.htm?id=830021552982&spm=a21dvs.23580594.0.0.69004b51CL0n6e&sku_properties=20017:12549608,"35.9
围脖：55.9",栗子,运营二组,童装/婴儿装/亲子装>帽子/围巾/口罩/手套/耳套/脚套>帽子,童装/婴儿装/亲子装,帽子/围巾/口罩/手套/耳套/脚套,帽子,image.png,秋冬帽,,,同意,,,,
2024,2024/09/02,830917536105,超好rua五指手套,KQ24113,清仓,https://detail.tmall.com/item.htm?spm=a211lz.success.0.0.6d062b90wkZC74&id=830917536105,25.9,栗子,运营二组,童装/婴儿装/亲子装>帽子/围巾/口罩/手套/耳套/脚套>手套,童装/婴儿装/亲子装,帽子/围巾/口罩/手套/耳套/脚套,手套,image.png,秋冬帽,,,同意,,,,
2024,2024/09/03,831131333666,云朵小熊帽,KQ24106,清仓,https://detail.tmall.com/item.htm?id=831131333666&spm=a21dvs.23580594.0.0.411f30fc18FNLi&sku_properties=20017:95172021,49.9,栗子,运营二组,童装/婴儿装/亲子装>帽子/围巾/口罩/手套/耳套/脚套>帽子,童装/婴儿装/亲子装,帽子/围巾/口罩/手套/耳套/脚套,帽子,image.png,秋冬帽,,,同意,,,,
2024,2024/09/03,831228113434,小乐宠抱耳帽,KQ24112,清仓,https://detail.tmall.com/item.htm?id=831228113434&spm=a21dvs.23580594.0.0.621e2c1bD1XOfK&sku_properties=20017:33966660069,"35.9
手套/围巾：49.9
三件套：69.9",桃酥,运营三组,童装/婴儿装/亲子装>帽子/围巾/口罩/手套/耳套/脚套>帽子,童装/婴儿装/亲子装,帽子/围巾/口罩/手套/耳套/脚套,帽子,image.png,秋冬帽,,,同意,,,,
2024,2024/09/04,831245878660,超好rua套头帽,KQ24116,清仓,https://detail.tmall.com/item.htm?id=831245878660&spm=a21dvs.23580594.0.0.411f4b51W6Czuz&sku_properties=20017:15399822,45.9,洋葱,运营一组,童装/婴儿装/亲子装>帽子/围巾/口罩/手套/耳套/脚套>帽子,童装/婴儿装/亲子装,帽子/围巾/口罩/手套/耳套/脚套,帽子,image.png,秋冬帽,,,不同意,,,,
2024,2024/09/04,831258150148,小飞行员滑雪手套,KQ24109,S级,https://detail.tmall.com/item.htm?id=831258150148&spm=a21dvs.23580594.0.0.11494b51HsV6O7&sku_properties=20017:9921492,35.9,洋葱,运营一组,童装/婴儿装/亲子装>帽子/围巾/口罩/手套/耳套/脚套>手套,童装/婴儿装/亲子装,帽子/围巾/口罩/手套/耳套/脚套,手套,image.png,秋冬帽,,,不同意,,,,
2024,2024/09/11,833583179561,骑行五指手套,KQ24098,B级,https://detail.tmall.com/item.htm?id=833583179561&spm=a21dvs.23580594.0.0.11494b51m4VGa3&sku_properties=20017%3A34122009661,29.9,热狗,运营一组,童装/婴儿装/亲子装>帽子/围巾/口罩/手套/耳套/脚套>手套,童装/婴儿装/亲子装,帽子/围巾/口罩/手套/耳套/脚套,手套,image.png,秋冬帽,,,不同意,,,,
2024,2024/09/25,838447288575,极光柱面滑雪镜,KQ24103,清仓,https://detail.tmall.com/item.htm?id=838447288575&spm=a21dvs.23580594.0.0.efae4b51uAJdkH&sku_properties=370514184%3A1019862021,169.9/179.9,曲奇,运营三组,户外/登山/野营/旅行用品>滑雪>滑雪眼镜,户外/登山/野营/旅行用品,滑雪,滑雪眼镜,image.png,滑雪,,,同意,,,,
2024,2024/09/20,836239431261,极光三合一滑雪头套,KQ24108,清仓,https://detail.tmall.com/item.htm?id=836239431261&spm=a21dvs.23580594.0.0.efae4b51uAJdkH&sku_properties=20017%3A34268303742%3B20509%3A34268412074,59.9,曲奇,运营三组,童装/婴儿装/亲子装>帽子/围巾/口罩/手套/耳套/脚套>帽子,童装/婴儿装/亲子装,帽子/围巾/口罩/手套/耳套/脚套,帽子,image.png,滑雪,,,同意,,,,
2024,2024/09/21,837033869321,KK树小萌宠滑雪头套,KQ24107,清仓,https://detail.tmall.com/item.htm?id=837033869321&spm=a21dvs.23580594.0.0.efae4b51uAJdkH&sku_properties=20017%3A1762684578%3B20509%3A3339926056,29.9,栗子,运营二组,童装/婴儿装/亲子装>帽子/围巾/口罩/手套/耳套/脚套>帽子,童装/婴儿装/亲子装,帽子/围巾/口罩/手套/耳套/脚套,帽子,image.png,滑雪,,,同意,,,,
2024,2024/09/26,838277514915,KK树小萌宠滑雪手套,KQ24080,B级,https://detail.tmall.com/item.htm?id=838277514915,35.9,栗子,运营二组,童装/婴儿装/亲子装>帽子/围巾/口罩/手套/耳套/脚套>手套,童装/婴儿装/亲子装,帽子/围巾/口罩/手套/耳套/脚套,手套,image.png,秋冬帽,,,同意,,,,
2024,2024/10/08,841691834193,极光小暖壳手套,KQ24124,清仓,https://detail.tmall.com/item.htm?id=841691834193&spm=a21dvs.23580594.0.0.31a930fc2HJbEX,49.9,虾滑,运营二组,童装/婴儿装/亲子装>帽子/围巾/口罩/手套/耳套/脚套>手套,童装/婴儿装/亲子装,帽子/围巾/口罩/手套/耳套/脚套,手套,image.png,滑雪,,,不同意,,,,
2024,2024/10/08,842041640526,极光小暖壳滑雪服（主,KQ24089,清仓,https://detail.tmall.com/item.htm?id=842041640526&skuId=5779310662452,"369.9
手套：409.9
滑雪镜：509.9
手套+滑雪镜：559.9
手套+滑雪镜+头套：616.9",虾滑,运营二组,童装/婴儿装/亲子装>儿童户外服>儿童滑雪服,童装/婴儿装/亲子装,儿童户外服,儿童滑雪服,image.png,滑雪,,,不同意,,,滑雪衣,
2024,2024/10/08,842042116471,KK树小萌宠滑雪服,KQ24090,清仓,https://detail.tmall.com/item.htm?abbucket=11&id=842042116471&rn=3ac47201962db57772e398a3c81264dc&spm=a1z10.3-b-s.w4011-14899565465.125.3832367c6UG3Tg,"239.9
+手套：265.9",栗子,运营二组,户外/登山/野营/旅行用品>滑雪>滑雪衣,户外/登山/野营/旅行用品,滑雪,滑雪衣,image.png,滑雪,,,同意,,,,
2024,2024/08/28,828832907761,小铠甲氧气衣,KQ24096,清仓,https://detail.tmall.com/item.htm?id=828832907761&spm=a21dvs.23580594.0.0.49344b51C9N4VQ,"儿童：129.9
组合：159.9
成人：149.9
组合：169.9",虾滑,运营二组,童装/婴儿装/亲子装>儿童户外服>儿童冲锋衣,童装/婴儿装/亲子装,儿童户外服,儿童冲锋衣,image.png,冲锋衣,,,同意,,,,
2017,2012/10/10,16130114635,简约刺绣护耳帽,KQ12068,S级,https://detail.tmall.com/item.htm?id=16130114635&spm=a21dvs.23580594.0.0.484c30fcsUY1XS&sku_properties=20017:16679089191,"29.9
围脖/手套：39.9
三件套：59.9",栗子,运营二组,童装/婴儿装/亲子装>帽子/围巾/口罩/手套/耳套/脚套>帽子,童装/婴儿装/亲子装,帽子/围巾/口罩/手套/耳套/脚套,帽子,image.png,秋冬帽,,继承,不同意,,,,
2023,2023/09/07,737653948618,糯米米翻盖手套,KQ23196,A级,https://detail.tmall.com/item.htm?id=737653948618&spm=a21dvs.23580594.0.0.484c30fcsUY1XS&sku_properties=20017:9921492,29.9,曲奇,运营三组,童装/婴儿装/亲子装>帽子/围巾/口罩/手套/耳套/脚套>手套,童装/婴儿装/亲子装,帽子/围巾/口罩/手套/耳套/脚套,手套,image.png,秋冬帽,,继承,不同意,,,,
2023,2023/09/11,738710103997,小暖壳滑雪服（主）,KQ23205,A级,https://detail.tmall.com/item.htm?id=738710103997&spm=a21dvs.23580594.0.0.484c4b51Y6Qgkv,"359.9
滑雪镜：459.9
手套：399.9
头套：399.9
头套+手套+滑雪镜：529.9
成人：399.9
滑雪镜：499.9",热狗,运营一组,户外/登山/野营/旅行用品>滑雪>滑雪衣,户外/登山/野营/旅行用品,滑雪,滑雪衣,image.png,滑雪,,继承,不同意,,,,
2023,2025/11/28,998552785227,小暖壳滑雪服（副）,KQ23205,A级,https://detail.tmall.com/item.htm?id=998552785227&spm=a21dvs.23580594.0.0.bb434b51WOkE8Y,"儿童：359.9
滑雪镜：459.9
手套：399.9
头套：399.9
头套+手套+滑雪镜：529.9
成人：399.9
滑雪镜：499.9",热狗,运营一组,童装/婴儿装/亲子装>儿童户外服>儿童滑雪服,童装/婴儿装/亲子装,儿童户外服,儿童滑雪服,image.png,滑雪,,,不同意,,,滑雪衣,
2024,2024/08/31,830380480108,小飞行员帽,KQ24085,S级,https://detail.tmall.com/item.htm?id=830380480108&spm=a21dvs.23580594.0.0.411f30fcxkh2eS&sku_properties=20017:9921492,"59.9
手套/围脖：79.9
三件套：99.9",洋葱,运营一组,童装/婴儿装/亲子装>帽子/围巾/口罩/手套/耳套/脚套>帽子,童装/婴儿装/亲子装,帽子/围巾/口罩/手套/耳套/脚套,帽子,image.png,秋冬帽,,,不同意,,,,
2024,2024/10/07,841314246335,极光一体织滑雪内搭套装（主）,"KQ24105
",B级,https://detail.tmall.com/item.htm?id=841314246335&spm=a21dvs.23580594.0.0.621e2c1beNDbIH,189.9,洋葱,运营一组,户外/登山/野营/旅行用品>滑雪>滑雪衣,户外/登山/野营/旅行用品,滑雪,滑雪衣,image.png,滑雪,,,不同意,,,,
2024,2025/11/27,998261625869,极光一体织滑雪内搭套装（副）,"KQ24105
",B级,https://detail.tmall.com/item.htm?id=998261625869&spm=a21dvs.23580594.0.0.11454b51uMsPRJ,189.9,洋葱,运营一组,童装/婴儿装/亲子装>儿童户外服>儿童运动套装,童装/婴儿装/亲子装,儿童户外服,儿童运动套装,image.png,滑雪,,,不同意,,,,
2024,2025/11/29,999579236205,极光小暖壳滑雪服（副,KQ24089,清仓,https://detail.tmall.com/item.htm?id=999579236205&spm=a21dvs.23580594.0.0.bb43645elBYfJH,"369.9
手套：409.9
滑雪镜：509.9
手套+滑雪镜：559.9
手套+滑雪镜+头套：616.9",虾滑,运营二组,户外/登山/野营/旅行用品>滑雪>滑雪衣,户外/登山/野营/旅行用品,滑雪,滑雪衣,image.png,滑雪,,,不同意,,,,
2025,2025/07/04,947790202230,小铠甲冲锋衣2.0（主）,"KQ25081
",A级,https://detail.tmall.com/item.htm?id=947790202230&spm=a21dvs.23580594.0.0.621e2c1btNEolh,"儿童：159.9
组合：209.9
成人（160-170）：189.9
组合：239.9",热狗,运营一组,童装/婴儿装/亲子装>儿童户外服>儿童冲锋衣,童装/婴儿装/亲子装,儿童户外服,儿童冲锋衣,image.png,冲锋衣,,,不同意,,,,
2025,2025/09/26,980867837952,小铠甲冲锋衣2.0（副）,"KQ25081
",A级,https://detail.tmall.com/item.htm?id=980867837952&spm=a21dvs.23580594.0.0.7d7a4b51Oh2uc9,"儿童：159.9
组合：209.9
成人（160-170）：189.9
组合：239.9",热狗,运营一组,童装/婴儿装/亲子装>外套/夹克/大衣>普通外套,童装/婴儿装/亲子装,外套/夹克/大衣,普通外套,image.png,冲锋衣,,,不同意,,,儿童冲锋衣,
2025,2025/07/01,946580790021,小荷叶软壳衣 - 满印（主）,"KQ25080
",A级,https://detail.tmall.com/item.htm?id=946580790021&spm=a21dvs.23580594.0.0.37ca645eM5MP9X,"109.9
组合：145.9",虾滑,运营二组,童装/婴儿装/亲子装>儿童户外服>儿童冲锋衣,童装/婴儿装/亲子装,儿童户外服,儿童冲锋衣,image.png,软壳衣裤,,,不同意,,,,
2025,2025/09/28,981457817666,小荷叶软壳衣 - 满印（副）,"KQ25080
",A级,https://detail.tmall.com/item.htm?id=981457817666&spm=a21dvs.23580594.0.0.3903645ecO4XSZ,"109.9
组合：145.9",虾滑,运营二组,童装/婴儿装/亲子装>外套/夹克/大衣>普通外套,童装/婴儿装/亲子装,外套/夹克/大衣,普通外套,image.png,软壳衣裤,,,不同意,,,儿童冲锋衣,
2025,2025/08/15,966188301142,小荷叶软壳裤 - 束口,"KQ25078
",清仓,https://detail.tmall.com/item.htm?id=966188301142&spm=a211lz.success.0.0.64bd2b90W2EpVP,89.9-99.9,虾滑,运营二组,童装/婴儿装/亲子装>裤子>裤子,童装/婴儿装/亲子装,裤子,裤子,image.png,软壳衣裤,,,同意,,,,
2025,2025/07/08,949450026922,小荷叶软壳衣-不满印（主）,KQ25077,清仓,https://detail.tmall.com/item.htm?id=949450026922&spm=a211lz.success.0.0.4db02b903ZSe6Y,"99.9
组合：139.9",栗子,运营二组,童装/婴儿装/亲子装>儿童户外服>儿童冲锋衣,童装/婴儿装/亲子装,儿童户外服,儿童冲锋衣,image.png,软壳衣裤,,,同意,,,,
2025,2025/09/28,980740366019,小荷叶软壳衣-不满印（副）,KQ25077,清仓,https://detail.tmall.com/item.htm?id=980740366019&skuId=6105579523280&spm=a211lz.success.0.0.4c8f2b90nUD59l,"99.9
组合：139.9",栗子,运营二组,童装/婴儿装/亲子装>外套/夹克/大衣>普通外套,童装/婴儿装/亲子装,外套/夹克/大衣,普通外套,image.png,软壳衣裤,,,同意,,,儿童冲锋衣,
2025,2025/07/29,958000611521,小荷叶软壳裤（直筒版）,KQ25079,清仓,https://detail.tmall.com/item.htm?id=958000611521&spm=a21dvs.23580594.0.0.621e2c1blY4GhW,99.9-109.9,栗子,运营二组,童装/婴儿装/亲子装>裤子>裤子,童装/婴儿装/亲子装,裤子,裤子,image.png,软壳衣裤,,,不同意,,,,
2025,2025/08/13,965983808945,小暖云抓绒衣（小童版）,KQ25103,A级,https://detail.tmall.com/item.htm?id=965983808945&spm=a21dvs.23580594.0.0.37ca30fcFfxbLO&sku_properties=1627207%3A870534462,55.9,曲奇,运营三组,童装/婴儿装/亲子装>外套/夹克/大衣>普通外套,童装/婴儿装/亲子装,外套/夹克/大衣,普通外套,image.png,抓绒衣裤,,,不同意,,,儿童冲锋衣,
2025,2025/09/02,971878006459,"小暖云抓绒裤
（小童版）",KQ25104,B级,https://detail.tmall.com/item.htm?id=971878006459&spm=a21dvs.23580594.0.0.37ca30fcSLez9Q,49.9,曲奇,运营三组,童装/婴儿装/亲子装>裤子>裤子,童装/婴儿装/亲子装,裤子,裤子,image.png,抓绒衣裤,,,不同意,,,,
2025,2025/08/04,962453652469,小暖云抓绒衣（中童版）,"KQ25110
",B级,https://detail.tmall.com/item.htm?id=962453652469&spm=a21dvs.23580594.0.0.4b2f4b51aLh79s,69.9,热狗,运营一组,童装/婴儿装/亲子装>外套/夹克/大衣>普通外套,童装/婴儿装/亲子装,外套/夹克/大衣,普通外套,image.png,抓绒衣裤,,,不同意,,,儿童冲锋衣,
2025,2025/08/27,970458069201,小暖云抓绒裤（中童版）,KQ25109,清仓,https://detail.tmall.com/item.htm?abbucket=11&id=970458069201&pisk=g0ErqyxrcgIPChAfVSne3OMvqWi-DD5_rkGIKJ2nFbcuN0GUTReQPzwnOkoUMS03V0w7gXV_TvZ7AJvEKSioJzGINXoUp5Wf1Gs_e8nKm111f1NrybooEYDnZ9DmCAXjEmgadWnKx11elH0RbDFkjnOdqEDmMv-kr4Vnm-DiKDDnEDXqivktt3VnxtWqKvDk-HDunmDILDvkqDDDmYHH-L0nxmXqpjDnxDVnotkKiXmnxbPTEJxqC4X4FLvTZaRxof2ogHxwBYukv8TBbh5IE4hiojKnhokrzf2uqPdycxqb0VgXdsi0BrNo3cSy6Yz0Q0DUvOYET2r-0jPNjHHYr7rm8o6dj-irLVmnupx33mlxuuiGjIkYo8a327JexYE7f2ltu9xKRmqsSPVypOemqvVKWk192b23BlUsbgRtUr2Z0gk29xxlvkUyteuoHxl13t8f1FaV4IZkxeLKocHq1TMWJe3oHxl13t8pJqDt3f6SF&rn=f6d46fa0e9f0d299a0d734a1e264affe&spm=a1z10.3-b-s.w4011-2629836412.138.7668367cIU4Njp,59.9,热狗,运营一组,童装/婴儿装/亲子装>裤子>裤子,童装/婴儿装/亲子装,裤子,裤子,image.png,抓绒衣裤,,,同意,,,,
2025,2025/10/09,983199438619,暖噗噗羽绒手套,KQ25140,清仓,https://detail.tmall.com/item.htm?id=983199438619&spm=a21dvs.23580594.0.0.37ca645eLXqNXY,55.9-59.9,桃酥,运营三组,童装/婴儿装/亲子装>帽子/围巾/口罩/手套/耳套/脚套>手套,童装/婴儿装/亲子装,帽子/围巾/口罩/手套/耳套/脚套,手套,image.png,秋冬帽,,,同意,,,,
2025,2025/09/01,972068941398,小小机长护耳飞行帽,KQ25097,清仓,https://detail.tmall.com/item.htm?id=972068941398&spm=a21dvs.23580594.0.0.37ca645eiDxllr&sku_properties=20017%3A40442199105,25.9,洋葱,运营一组,童装/婴儿装/亲子装>帽子/围巾/口罩/手套/耳套/脚套>帽子,童装/婴儿装/亲子装,帽子/围巾/口罩/手套/耳套/脚套,帽子,image.png,秋冬帽,,,同意,,,,
2025,2025/08/29,971823036834,小飞侠抱耳帽,KQ25086,清仓,https://detail.tmall.com/item.htm?id=971823036834&spm=a21dvs.23580594.0.0.37ca645eiDxllr&sku_properties=20017%3A203866486,19.9,热狗,运营一组,童装/婴儿装/亲子装>帽子/围巾/口罩/手套/耳套/脚套>帽子,童装/婴儿装/亲子装,帽子/围巾/口罩/手套/耳套/脚套,帽子,image.png,秋冬帽,,,同意,,,,
2025,2025/09/08,973963930400,雪地探险家护耳帽,KQ25082,清仓,https://detail.tmall.com/item.htm?id=973963930400&spm=a21dvs.23580594.0.0.37ca30fcNutO2W&sku_properties=20017%3A1371780412,"25.9
围巾：45.9
三件套：65.9",栗子,运营二组,童装/婴儿装/亲子装>帽子/围巾/口罩/手套/耳套/脚套>帽子,童装/婴儿装/亲子装,帽子/围巾/口罩/手套/耳套/脚套,帽子,image.png,秋冬帽,,,同意,,,,
2025,2025/11/01,991797976785,喜乐绒绒帽子,KQ25141,清仓,https://detail.tmall.com/item.htm?id=991797976785&spm=a21dvs.23580594.0.0.3cf2645eq44oXG,"单帽：29.9
单围巾：19.9
组合：45.9",栗子,运营二组,童装/婴儿装/亲子装>帽子/围巾/口罩/手套/耳套/脚套>帽子,童装/婴儿装/亲子装,帽子/围巾/口罩/手套/耳套/脚套,帽子,image.png,秋冬帽,,,同意,,,,
2025,2025/09/08,973479395743,雪地探险家手套,KQ25138,清仓,https://detail.tmall.com/item.htm?id=973479395743&spm=a21dvs.23580594.0.0.37ca645eTo0mYH,25.9,栗子,运营二组,童装/婴儿装/亲子装>帽子/围巾/口罩/手套/耳套/脚套>手套,童装/婴儿装/亲子装,帽子/围巾/口罩/手套/耳套/脚套,手套,image.png,秋冬帽,,,同意,,,,
2025,2025/09/01,972869776604,云朵领航员抱耳帽,KQ25087,清仓,https://detail.tmall.com/item.htm?id=972869776604&spm=a21dvs.23580594.0.0.37ca645eiDxllr&sku_properties=20017%3A1500196118,"29.9
围巾：45.9
手套：55.9
三件套：75.9",曲奇,运营三组,童装/婴儿装/亲子装>帽子/围巾/口罩/手套/耳套/脚套>帽子,童装/婴儿装/亲子装,帽子/围巾/口罩/手套/耳套/脚套,帽子,image.png,秋冬帽,,,同意,,,,
2025,2025/09/01,972205733372,萌宠球球帽,KQ25084,清仓,https://detail.tmall.com/item.htm?id=972205733372&spm=a21dvs.23580594.0.0.37ca645eiDxllr&sku_properties=20017%3A1371780412,29.9,栗子,运营二组,童装/婴儿装/亲子装>帽子/围巾/口罩/手套/耳套/脚套>帽子,童装/婴儿装/亲子装,帽子/围巾/口罩/手套/耳套/脚套,帽子,image.png,秋冬帽,,,同意,,,,
2025,2025/09/01,972847532808,暖抱抱针织线帽,KQ25098,清仓,https://detail.tmall.com/item.htm?id=972847532808&sku_properties=20017%3A1569440088,25.9,虾滑,运营二组,童装/婴儿装/亲子装>帽子/围巾/口罩/手套/耳套/脚套>帽子,童装/婴儿装/亲子装,帽子/围巾/口罩/手套/耳套/脚套,帽子,image.png,秋冬帽,,,同意,,,,
2025,2025/09/01,970950451243,小耳朵绒绒帽,KQ25093,A级,https://detail.tmall.com/item.htm?id=970950451243&spm=a21dvs.23580594.0.0.37ca645eiDxllr&sku_properties=20017%3A40444404528,"29.9
两件套：55.9",栗子,运营二组,童装/婴儿装/亲子装>帽子/围巾/口罩/手套/耳套/脚套>帽子,童装/婴儿装/亲子装,帽子/围巾/口罩/手套/耳套/脚套,帽子,image.png,秋冬帽,,,不同意,,,,
2025,2025/09/01,971391770893,小动物奇遇披肩帽,KQ25085,清仓,https://detail.tmall.com/item.htm?id=971391770893&spm=a21dvs.23580594.0.0.37ca645eiDxllr&sku_properties=20017%3A1762684578,49.9,栗子,运营二组,童装/婴儿装/亲子装>帽子/围巾/口罩/手套/耳套/脚套>帽子,童装/婴儿装/亲子装,帽子/围巾/口罩/手套/耳套/脚套,帽子,image.png,秋冬帽,,,同意,,,,
2025,2025/08/28,970869453387,小小牧野者护耳帽,KQ25089,清仓,https://detail.tmall.com/item.htm?id=970869453387&spm=a21dvs.23580594.0.0.37ca645eiDxllr&sku_properties=20017%3A130511919,"29.9
两件套：49.9",洋葱,运营一组,童装/婴儿装/亲子装>帽子/围巾/口罩/手套/耳套/脚套>帽子,童装/婴儿装/亲子装,帽子/围巾/口罩/手套/耳套/脚套,帽子,image.png,秋冬帽,,,同意,,,,
2025,2025/08/28,970971937937,小小牧野者手套,KQ25123,清仓,https://detail.tmall.com/item.htm?id=970971937937&spm=a21dvs.23580594.0.0.37ca645eiDxllr,25.9,洋葱,运营一组,童装/婴儿装/亲子装>帽子/围巾/口罩/手套/耳套/脚套>手套,童装/婴儿装/亲子装,帽子/围巾/口罩/手套/耳套/脚套,手套,image.png,秋冬帽,,,同意,,,,
2025,2025/08/29,970581718898,风行者骑行手套,KQ25108,清仓,https://detail.tmall.com/item.htm?id=970581718898&spm=a21dvs.23580594.0.0.37ca645eiDxllr&sku_properties=20017%3A382830719,29.9,热狗,运营一组,童装/婴儿装/亲子装>帽子/围巾/口罩/手套/耳套/脚套>手套,童装/婴儿装/亲子装,帽子/围巾/口罩/手套/耳套/脚套,手套,image.png,秋冬帽,,,同意,,,,
2025,2025/09/05,973020514308,小山标抓绒手套,KQ25112,B级,https://detail.tmall.com/item.htm?id=973020514308&spm=a21dvs.23580594.0.0.3432645e75uMdO&sku_properties=20017%3A466012763,25.9,桃酥,运营三组,童装/婴儿装/亲子装>帽子/围巾/口罩/手套/耳套/脚套>手套,童装/婴儿装/亲子装,帽子/围巾/口罩/手套/耳套/脚套,手套,image.png,秋冬帽,,,不同意,,,,
2025,2025/09/02,972559045309,暖护小盔甲帽,KQ25101,A级,https://detail.tmall.com/item.htm?id=972559045309&spm=a21dvs.23580594.0.0.37ca30fcSLez9Q&sku_properties=20017%3A1500196118,"49.9
两件套：69.9",曲奇,运营三组,童装/婴儿装/亲子装>帽子/围巾/口罩/手套/耳套/脚套>帽子,童装/婴儿装/亲子装,帽子/围巾/口罩/手套/耳套/脚套,帽子,image.png,秋冬帽,,,不同意,,,,
2025,2025/09/02,972741997836,小暖阳护耳帽,KQ25088,清仓,https://detail.tmall.com/item.htm?id=972741997836&spm=a21dvs.23580594.0.0.40d2645e40a3bF&sku_properties=20017%3A1352104120,"29.9
两件套：49.9",桃酥,运营三组,童装/婴儿装/亲子装>帽子/围巾/口罩/手套/耳套/脚套>帽子,童装/婴儿装/亲子装,帽子/围巾/口罩/手套/耳套/脚套,帽子,image.png,秋冬帽,,,同意,,,,
2025,2025/09/02,972745893331,小暖阳翻盖手套,KQ25111,清仓,https://detail.tmall.com/item.htm?id=972745893331&spm=a21dvs.23580594.0.0.40d2645e40a3bF&sku_properties=20017%3A40463132985,25.9,桃酥,运营三组,童装/婴儿装/亲子装>帽子/围巾/口罩/手套/耳套/脚套>手套,童装/婴儿装/亲子装,帽子/围巾/口罩/手套/耳套/脚套,手套,image.png,秋冬帽,,,同意,,,,
2025,2025/09/03,971641115391,小山峦保暖围巾,KQ25090,清仓,https://detail.tmall.com/item.htm?id=971641115391&spm=a21dvs.23580594.0.0.e6ac4b51KWA3HC,25.9,热狗,运营一组,童装/婴儿装/亲子装>帽子/围巾/口罩/手套/耳套/脚套>围巾,童装/婴儿装/亲子装,帽子/围巾/口罩/手套/耳套/脚套,围巾,image.png,秋冬帽,,,同意,,,,
2025,2025/08/29,971315885836,绒趣小动物套头帽,KQ25115,S级,https://detail.tmall.com/item.htm?abbucket=11&id=971315885836&pisk=gLys2UqoGFY6C_F-1xSeO_JyJ6HbcMWPfniYqopwDAHOlraY-KoVjGVIDyzj3xrASrwjJoVNjj7McWag2fzbmGmxkrUju55FUlqinxQrhTWzjcYI3oUsXVHdD0i2BMltLjrVpxQPztOevfbZHrJ-8oap900KXdnt6MMKm00xHjnTvMix0F3xWrEdA2mmkcnvHpEK0mitHCptp2nqVELxXK3p92mxHqUxHMGK-mHxkrHxNZtSc1ggfgpqZl7PJ7EtRKpYBtcsPxd2nKqsXfwYX2iEYJis14hCbk-QByrYQRch9BM0Y7abMzQe_VFSVyGz1a9_PPmYcmU1E3gLCowIsW-kekGj5WetOnpYfv0xaSa15C0T_yGovXKfEDzrJl2TOiYLXzusBDhFegZKMWyiZR7pCYFubAPYywRZW7iA4t9rPRLBGHGkhDgPAMODiUawm8H6hLzi6DmsTMsBWSctxDgPAMODifnnf2SCAFFc.&rn=f6d46fa0e9f0d299a0d734a1e264affe&spm=a1z10.3-b-s.w4011-2629836412.126.7668367cIU4Njp,35.9,桃酥,运营三组,童装/婴儿装/亲子装>帽子/围巾/口罩/手套/耳套/脚套>帽子,童装/婴儿装/亲子装,帽子/围巾/口罩/手套/耳套/脚套,帽子,image.png,秋冬帽,,,不同意,,,,
2025,2025/09/01,971495690648,暖暖窝双面围脖,KQ25102,B级,https://detail.tmall.com/item.htm?id=971495690648&spm=a21dvs.23580594.0.0.37ca645eiDxllr&sku_properties=20017%3A73323856,29.9,虾滑,运营二组,童装/婴儿装/亲子装>帽子/围巾/口罩/手套/耳套/脚套>围巾,童装/婴儿装/亲子装,帽子/围巾/口罩/手套/耳套/脚套,围巾,image.png,秋冬帽,,,不同意,,,,
2025,2025/09/01,972799640955,萌萌小耳纯棉帽,KQ25105,清仓,https://detail.tmall.com/item.htm?id=972799640955&sku_properties=20017%3A1569440088&spm=a21dvs.23580594.0.0.37ca645eiDxllr,19.9,虾滑,运营二组,童装/婴儿装/亲子装>帽子/围巾/口罩/手套/耳套/脚套>帽子,童装/婴儿装/亲子装,帽子/围巾/口罩/手套/耳套/脚套,帽子,image.png,秋冬帽,,,同意,,,,
2025,2025/09/02,973225032780,糖果小兜帽,KQ25092,清仓,https://detail.tmall.com/item.htm?id=973225032780&spm=a21dvs.23580594.0.0.37ca645ettKhX1&sku_properties=20017%3A57470596,19.9,桃酥,运营三组,童装/婴儿装/亲子装>帽子/围巾/口罩/手套/耳套/脚套>帽子,童装/婴儿装/亲子装,帽子/围巾/口罩/手套/耳套/脚套,帽子,image.png,秋冬帽,,,同意,,,,
2025,2025/09/01,972256253767,小萌友翻盖手套,KQ25114,B级,https://detail.tmall.com/item.htm?id=972256253767&spm=a21dvs.23580594.0.0.37ca645eiDxllr,25.9,虾滑,运营二组,童装/婴儿装/亲子装>帽子/围巾/口罩/手套/耳套/脚套>手套,童装/婴儿装/亲子装,帽子/围巾/口罩/手套/耳套/脚套,手套,image.png,秋冬帽,,,同意,,,,
2025,2025/09/05,973586949804,造梦几何家针织护耳帽,KQ25099,清仓,https://detail.tmall.com/item.htm?id=973586949804&spm=a21dvs.23580594.0.0.3432645e75uMdO,"39.9
围巾/手套：59.9
三件套：89.9

",桃酥,运营三组,童装/婴儿装/亲子装>帽子/围巾/口罩/手套/耳套/脚套>帽子,童装/婴儿装/亲子装,帽子/围巾/口罩/手套/耳套/脚套,帽子,image.png,秋冬帽,,,不同意,,,,
2025,2025/09/01,971581374246,造梦几何家翻盖手套,KQ25122,清仓,https://detail.tmall.com/item.htm?id=971581374246&spm=a21dvs.23580594.0.0.40d2645e40a3bF,29.9,洋葱,运营一组,童装/婴儿装/亲子装>帽子/围巾/口罩/手套/耳套/脚套>手套,童装/婴儿装/亲子装,帽子/围巾/口罩/手套/耳套/脚套,手套,image.png,秋冬帽,,,不同意,,,,
2025,2025/09/09,975721412394,冬日幻想曲针织围巾,KQ25121,清仓,https://detail.tmall.com/item.htm?id=975721412394&spm=a21dvs.23580594.0.0.37ca645eazkRTz&sku_properties=20017%3A594492274,29.9,虾滑,运营二组,童装/婴儿装/亲子装>帽子/围巾/口罩/手套/耳套/脚套>围巾,童装/婴儿装/亲子装,帽子/围巾/口罩/手套/耳套/脚套,围巾,image.png,秋冬帽,,,同意,,,,
2025,2025/10/09,983242826281,小暖盾滑雪内搭套装（主）,KQ25119,清仓,https://detail.tmall.com/item.htm?id=983242826281&spm=a21dvs.23580594.0.0.37ca645e3J3vEx,189.9,热狗,运营一组,户外/登山/野营/旅行用品>滑雪>滑雪衣,户外/登山/野营/旅行用品,滑雪,滑雪衣,image.png,滑雪,,,同意,,,,
2025,2025/12/12,1003422816121,小暖盾滑雪内搭套装（副）,KQ25119,清仓,https://detail.tmall.com/item.htm?id=1003422816121&spm=a21dvs.23580594.0.0.78df645eJtoqd5,189.9,热狗,运营一组,童装/婴儿装/亲子装>儿童户外服>儿童运动套装,童装/婴儿装/亲子装,儿童户外服,儿童运动套装,image.png,滑雪,,,同意,,,,
2025,2025/10/14,984992406109,豆丁小雪兔滑雪服（主）,KQ25134,清仓,https://detail.tmall.com/item.htm?abbucket=11&id=984992406109&pisk=gALZ2R4NRV3a1VwI5pQ4TXdAON_OrZkWjE6fiIAc1OXMCN623QdXfhOchE72ppjD5NO6LtvW3sT6lIVVip_GDh6fCt72MLlIF4gW6CQA-YMSP4lHMq78j-qghM4h1Z5Gdg7yHCQAoxPQo0gy6deedi0Gi6cFGsEgIKjMtkfAKsqGoKXhx_f0SZbDnX7hZ_VGiPXGtkf5K52cnl0hx_C0m1b0jXRhpsbcnKjiTBXdiZXmNFAMiy55jXowH_WoCNINECXUzBLFssE9_9z4oe-FfT45Lr4D81RnMzMQzm6k2Os5Ep0Q7ZRhgpSWbYzw3IAJmM84If9kKnJc9HH40T-D13LdASqMTEWNqFjUZrOlWsvc0HHzP176Yg8wXjeHsL6wqNdbaAOF4HSRtMV4jNtWNEIkSVyRdgC2LgtZUPJl4n2AtgZDkhy00GfdTTGETkx2kv3adF40DoIhy6WS11ZYDGfdTTGEToEAx_CFFf11.&rn=947edacdcf31be94ccca2457e6023080&spm=a1z10.3-b-s.w4011-14899565465.114.731f367cVxUApB,"169.9
裤：119.9
两件套：289.9
套装+头套：329.9
套装+手套：319.9
套装+头套+手套：369.9
五件套：529.9",栗子,运营二组,户外/登山/野营/旅行用品>滑雪>滑雪衣,户外/登山/野营/旅行用品,滑雪,滑雪衣,image.png,滑雪,,,不同意,,,,
2025,2025/12/13,1003645836889,豆丁小雪兔滑雪服（副）,KQ25134,清仓,https://detail.tmall.com/item.htm?abbucket=11&id=1003645836889&pisk=gUN-qw2aJijuCLtyykXcxQXNLS_Dpt4yMuz6tDmkdoEYVoPoqDDH9BnY5Ybzxk2xvoZxVQbPUviL4mqHtzVL3BUa87brtalzzXlCjGfgvzzrTozcUFNJGsg_lLTSRtcby9BIDGfGsrBSzX4fj8xII_VESBGIF09jGmuKALOQAxOj8mOSRQGIcZ3EcXgIPBtXG2uZP3i7Ajaj82JBO4OIcKgrPUGIOkafk2ojPXGQAr_x8bZPvmTSxBeuFiCl_dE2OBNxyx60Pm1b8Sg-FcU7wBOB84H-fziAX2YFrxaEpW8e9vU7Qku_V3sKYSUbNRZ1mLm7B2Ugpz1WGbVzPRMQ1MJQrbm-G7w9RBaxwmH39x-RDcNzl5ljn1_TlSruzSUHR6g0jmazNXC17bhSVj34tiRSv-wQZYleVMnUMrN7pgkas5CXehmt-L_AkpJEFql2EnaS_0-A7qnGy6peLx7qkcbAkpJEFquxjaQpLpkVu&rn=ab6824091f92f438268cf748dfa8f685&spm=a1z10.3-b-s.w4011-14899565465.108.731f367cN3dQVx,"169.9
裤：119.9
两件套：289.9
套装+头套：329.9
套装+手套：319.9
套装+头套+手套：369.9
五件套：529.9",栗子,运营二组,童装/婴儿装/亲子装>儿童户外服>儿童滑雪服,童装/婴儿装/亲子装,儿童户外服,儿童滑雪服,image.png,滑雪,,,不同意,,,滑雪衣,
2025,2025/10/18,987211065689,豆丁小雪兔滑雪头套,KQ25137,清仓,https://detail.tmall.com/item.htm?id=987211065689&spm=a21dvs.23580594.0.0.3cf2645eRzBiU9&sku_properties=20017%3A1762684578%3B20509%3A3339926056,59.9,栗子,运营二组,童装/婴儿装/亲子装>帽子/围巾/口罩/手套/耳套/脚套>帽子,童装/婴儿装/亲子装,帽子/围巾/口罩/手套/耳套/脚套,帽子,image.png,滑雪,,,不同意,,,,
2025,2025/10/11,984152702882,豆丁小雪兔滑雪手套,KQ25128,清仓,https://detail.tmall.com/item.htm?id=984152702882&spm=a21dvs.23580594.0.0.37ca645ehzXv7P,49.9,栗子,运营二组,童装/婴儿装/亲子装>帽子/围巾/口罩/手套/耳套/脚套>手套,童装/婴儿装/亲子装,帽子/围巾/口罩/手套/耳套/脚套,手套,image.png,滑雪,,,不同意,,,,
2025,2025/10/18,985917883220,豆丁小雪兔滑雪镜,KQ25117,清仓,https://detail.tmall.com/item.htm?id=985917883220&sku_properties=370514184%3A40984831541&spm=a21dvs.23580594.0.0.3cf2645eRzBiU9,169.9,栗子,运营二组,户外/登山/野营/旅行用品>滑雪>滑雪眼镜,户外/登山/野营/旅行用品,滑雪,滑雪眼镜,image.png,滑雪,,,不同意,,,,
2025,2025/10/11,983514459733,极光小雪豹滑雪服（主）,KQ25130,B级,https://detail.tmall.com/item.htm?id=983514459733&spm=a21dvs.23580594.0.0.37ca645ehzXv7P,"279.9
裤：199.9
两件套：439.9
套装+头套：509.9
套装+手套：549.9
套装+头套+滑雪镜：659.9
五件套：699.9",洋葱,运营一组,户外/登山/野营/旅行用品>滑雪>滑雪衣,户外/登山/野营/旅行用品,滑雪,滑雪衣,image.png,滑雪,,,不同意,,,,
2025,2025/11/27,998275841554,极光小雪豹滑雪服（副）,KQ25130,B级,https://detail.tmall.com/item.htm?id=998275841554&spm=a21dvs.23580594.0.0.11454b51uMsPRJ,"279.9
裤：199.9
两件套：439.9
套装+头套：509.9
套装+手套：549.9
套装+头套+滑雪镜：659.9
五件套：699.9",洋葱,运营一组,童装/婴儿装/亲子装>儿童户外服>儿童滑雪服,童装/婴儿装/亲子装,儿童户外服,儿童滑雪服,image.png,滑雪,,,不同意,,,滑雪衣,
2025,2025/10/09,982711447460,极光小雪豹滑雪手套,KQ25127,B级,https://detail.tmall.com/item.htm?id=982711447460&spm=a21dvs.23580594.0.0.37ca645ehzXv7P,49.9,洋葱,运营一组,童装/婴儿装/亲子装>帽子/围巾/口罩/手套/耳套/脚套>手套,童装/婴儿装/亲子装,帽子/围巾/口罩/手套/耳套/脚套,手套,image.png,滑雪,,,不同意,,,,
2025,2025/10/10,984291633875,极光小雪豹滑雪头套,KQ25118,B级,https://detail.tmall.com/item.htm?id=984291633875&spm=a21dvs.23580594.0.0.37ca645ehzXv7P&sku_properties=20017%3A1762684578%3B20509%3A40891568397,59.9,洋葱,运营一组,童装/婴儿装/亲子装>帽子/围巾/口罩/手套/耳套/脚套>帽子,童装/婴儿装/亲子装,帽子/围巾/口罩/手套/耳套/脚套,帽子,image.png,滑雪,,,不同意,,,,
2025,2025/10/10,983541234393,萌萌小企鹅滑雪服,KQ25132,B级,https://detail.tmall.com/item.htm?id=983541234393&spm=a21dvs.23580594.0.0.37ca645eLXqNXY,"269.9
裤：189.9
两件套：439.9
套装+头套：469.9
套装+手套：479.9
套装+滑雪镜：609.9
五件套：689.9",桃酥,运营三组,童装/婴儿装/亲子装>儿童户外服>儿童滑雪服,童装/婴儿装/亲子装,儿童户外服,儿童滑雪服,image.png,滑雪,,,不同意,,,滑雪衣,
2025,2025/12/30,1006991635730,萌萌小企鹅滑雪裤,KQ25133,B级,https://detail.tmall.com/item.htm?id=1006991635730&spm=a21dvs.23580594.0.0.6e8a645eI6j7kl,189.9,桃酥,运营三组,童装/婴儿装/亲子装>儿童户外服>儿童滑雪裤,童装/婴儿装/亲子装,儿童户外服,儿童滑雪裤,image.png,滑雪,,,不同意,,,,
2025,2025/10/10,982926951671,萌萌小企鹅滑雪手套,KQ25126,B级,https://detail.tmall.com/item.htm?abbucket=11&id=982926951671&pisk=gYPI2CamFHxCwXyxdb7wCAfq1Hl7PN5VRUg8ozdeyXhdVuZ8jQuP-w2sylrSabzRxuNSXz2F-YSHPRZ3kvr7rw0-2uES4JWNgy4nZbIqNs54-jDhWSEBpD3OyqgWwNkK_YzP6bIV0_9wWvjEwuzZ3zZ9BqmtJB3KyNGtrqg-wY3LWNg-zHn-vuUO5c0yephJw1ntoqKKwpd-B13SuepKp4Kt6c0-w0E-wNGtj4h-2uh-wpYjP9i3RZHW9lpJihaIfQd81VIoDyGmSVNsrvnxBcO-75gIdmUL9-xB_VFa1xkwzGlToRrK5j1Bm2wTlX37ZZpSVYNn1cZfMQ0gpkNtF57lMPlIPxh-CUd85fiiCWlAMhggByy8tkTWw2VUgYimCadoUfFqH-EBrZ4t94Eon7SDtDU8oS2qG6tmRRUj1gzpgm642LTsnQgs0N_6ELxuNo7qOQO4xv3iRA715HeopV0s0N_6ELDKS2iN5NtLE&rn=3fee61ef64647e78d3c6c3a8d11306a4&spm=a1z10.3-b-s.w4011-14899565465.122.33f4367c3oEmXe,39.9,曲奇,运营三组,童装/婴儿装/亲子装>帽子/围巾/口罩/手套/耳套/脚套>手套,童装/婴儿装/亲子装,帽子/围巾/口罩/手套/耳套/脚套,手套,image.png,滑雪,,,不同意,,,,
2025,2025/10/09,983247530215,萌萌小企鹅滑雪头套,KQ25136,B级,https://detail.tmall.com/item.htm?id=983247530215&spm=a21dvs.23580594.0.0.37ca645eLXqNXY,49.9,桃酥,运营三组,童装/婴儿装/亲子装>帽子/围巾/口罩/手套/耳套/脚套>帽子,童装/婴儿装/亲子装,帽子/围巾/口罩/手套/耳套/脚套,帽子,image.png,滑雪,,,不同意,,,,
2025,2025/03/11,897109286091,条条日记分体泳衣（主）,KQ25047,A级,https://detail.tmall.com/item.htm?abbucket=5&id=897109286091&pisk=gEaZcRTZRNQwK4Mtjyg2YJzpm70t5qW7jrMjiSVm1ADgCVM437FbflNmhru4pJm05VN_Lx273ja_lSAqiJgiDlMjCxu4M85CFa_7653x-T65PG33UqgJoncDhHDngqlid0uzH53xotRBog_z68xDpm-miXfEGjhMI-mgtXcsKjxio-DnxbcDSq20n2vnZjKDSEYM-vDKsCvijqbnxfhSnCmgnWfEMvDmoc20tbXYsSYENcf29dO_5Ns-fYViLEYywfoGC5-XuElSscz0svlIOylZbYmF1WOUSJN05PndxHuYOuy4m8XBfAqraJo7bT8aURh0gj2NyQk37SzEXkOJrWoqQk4iYIY0_2HmVoyNQhHgfJo-tDAVyXwSK5UgYsp3s8MZSXmCr_Pnmkat2P6H74q81VZ0E9tsIulc4wvxt2tLklJD0ccKTY1FTUPe98QwdPYDDnnnyXk51ftvDccKTY1FTnKxxbhEF1G1.&rn=1a5ea6aada4d24d6d52f37b0cce74d0c&spm=a1z10.3-b-s.w4011-2629836412.107.ca4f367cNmFqwW,"65.9
泳衣+泳镜：85.9
泳衣+泳包：110.9
三件套：145.9",曲奇,运营三组,童装/婴儿装/亲子装>儿童泳装>泳衣裤,童装/婴儿装/亲子装,儿童泳装,泳衣裤,image.png,泳衣,,,不同意,,,儿童泳衣/裤,
2025,2025/06/14,939644269502,条条日记分体泳衣（副）,KQ25047,A级,https://detail.tmall.com/item.htm?id=939644269502&spm=a21dvs.23580594.0.0.47f94b515Hw8k6,"65.9
泳衣+泳镜：85.9
泳衣+泳包：110.9
三件套：145.9",曲奇,运营三组,运动/瑜伽/健身/球迷用品>游泳>儿童泳衣/裤,运动/瑜伽/健身/球迷用品,游泳,儿童泳衣/裤,image.png,泳衣,,,不同意,,,,
2025,2025/03/12,898439684957,椰椰小岛两栖泳衣（主）,KQ25051,S级,https://detail.tmall.com/item.htm?id=898439684957&spm=a21dvs.23580594.0.0.3f544b51SnQrpk,"89.9
泳衣+泳镜：109.9
泳衣+泳包：149.9
三件套：169.9",洋葱,运营一组,童装/婴儿装/亲子装>儿童泳装>泳衣裤,童装/婴儿装/亲子装,儿童泳装,泳衣裤,image.png,泳衣,5,继承,不同意,,,儿童泳衣/裤,
2025,2025/05/30,931630978007,椰椰小岛两栖泳衣（副）,KQ25051,S级,https://detail.tmall.com/item.htm?id=931630978007&spm=a21dvs.23580594.0.0.47f94b515Hw8k6,"89.9
泳衣+泳镜：109.9
泳衣+泳包：149.9
三件套：169.9",洋葱,运营一组,运动/瑜伽/健身/球迷用品>游泳>儿童泳衣/裤,运动/瑜伽/健身/球迷用品,游泳,儿童泳衣/裤,image.png,泳衣,,继承,不同意,,,,
2025,2025/03/14,898177055176,萌萌假日分体泳衣,KQ25048,清仓,https://detail.tmall.com/item.htm?id=898177055176,"69.9
泳衣+泳镜：89.9
泳衣+泳包：114.9
三件套：149.9",洋葱,运营一组,童装/婴儿装/亲子装>儿童泳装>泳衣裤,童装/婴儿装/亲子装,儿童泳装,泳衣裤,image.png,泳衣,,,同意,,,儿童泳衣/裤,
2025,2025/03/31,903793111496,潮汐岛大框软软泳镜,KQ25062,S级,https://detail.tmall.com/item.htm?id=903793111496&spm=a21dvs.23580594.0.0.621e2c1buXuCvu,49.9,洋葱,运营一组,玩具/童车/益智/早教/游乐设备>游泳池/戏水玩具>泳镜,玩具/童车/益智/早教/游乐设备,游泳池/戏水玩具,泳镜,image.png,泳镜,,,同意,,,泳镜,
2024,2024/03/25,777118027333,抽象艺术小护盾泳衣,KQ24034,清仓,https://detail.tmall.com/item.htm?id=777118027333&spm=a21dov.b63576985.0.0.3a024b519lSIGa,"54.9
泳衣+泳镜：74.9
泳衣+泳包：99.9",栗子,运营二组,童装/婴儿装/亲子装>儿童泳装>泳衣裤,童装/婴儿装/亲子装,儿童泳装,泳衣裤,image.png,泳衣,,,同意,,,儿童泳衣/裤,
2024,2024/03/27,777839886491,夏日冰宠小护盾泳衣,KQ24032,A级,https://detail.tmall.com/item.htm?id=777839886491&skuId=5318544761046&spm=a21dvs.23580594.0.0.47fd645eLxT3pA,"69.9
组合：95.9",热狗,运营一组,童装/婴儿装/亲子装>儿童泳装>泳衣裤,童装/婴儿装/亲子装,儿童泳装,泳衣裤,image.png,泳衣,,,不同意,,,儿童泳衣/裤,
2024,2024/04/03,779790014482,童话小护盾泳衣,KQ24044,清仓,https://detail.tmall.com/item.htm?id=779790014482&spm=a21dvs.23580594.0.0.621e3d0dI80IyH,"59.9
组合：79.9",栗子,运营二组,运动/瑜伽/健身/球迷用品>游泳>儿童泳衣/裤,运动/瑜伽/健身/球迷用品,游泳,儿童泳衣/裤,image.png,泳衣,,,同意,,,,
2024,2024/04/10,782350967265,小果冻硅胶泳帽,KQ24043,清仓,https://detail.tmall.com/item.htm?id=782350967265&spm=a21dvs.23580594.0.0.621e3d0dVbaBFZ,"29.9
成人：35.9",热狗,运营一组,运动/瑜伽/健身/球迷用品>游泳>泳帽,运动/瑜伽/健身/球迷用品,游泳,泳帽,image.png,泳具-其他,,,同意,,,,
2024,2024/04/01,779208539501,南瓜游记小护盾泳衣（主）,KQ24039,清仓,https://detail.tmall.com/item.htm?id=779208539501&spm=a211lz.success.0.0.38ce2b907AXBG4,"45.9
组合：100.9",曲奇,运营三组,童装/婴儿装/亲子装>儿童泳装>泳衣裤,童装/婴儿装/亲子装,儿童泳装,泳衣裤,image.png,泳衣,,,同意,,,儿童泳衣/裤,
2024,2025/05/29,930852275312,南瓜游记小护盾泳衣（副）,KQ24039,清仓,https://detail.tmall.com/item.htm?id=930852275312&spm=a21dvs.23580594.0.0.5f7f645efXpT14,45.9,曲奇,运营三组,童装/婴儿装/亲子装>儿童泳装>泳衣裤,童装/婴儿装/亲子装,儿童泳装,泳衣裤,image.png,泳衣,,,同意,,,儿童泳衣/裤,
2024,2024/04/11,782639911593,伦敦海港条纹泳帽,KQ24046,清仓,https://detail.tmall.com/item.htm?id=782639911593,49.9,虾滑,运营二组,童装/婴儿装/亲子装>儿童泳装>泳帽,童装/婴儿装/亲子装,儿童泳装,泳帽,image.png,泳具-其他,,,不同意,,,,
2024,2024/05/05,792264759387,几何帆船沙滩鞋,KQ24057,清仓,https://detail.tmall.com/item.htm?id=792264759387&spm=a21dvs.23580594.0.0.1d293d0dJeKMTe,59.9,热狗,运营一组,户外/登山/野营/旅行用品>户外鞋靴>沙滩鞋/凉鞋/拖鞋,户外/登山/野营/旅行用品,户外鞋靴,沙滩鞋/凉鞋/拖鞋,image.png,溯溪鞋,,,同意,,,运动沙滩鞋/凉鞋,
2024,2024/05/09,794080147554,伦敦海港条纹泳包,KQ24061,清仓,https://detail.tmall.com/item.htm?abbucket=2&id=794080147554&rn=2d90dc9daab7b3db99bdac0b1048300c&spm=a1z10.3-b-s.w4011-14899565465.91.4263367c8plUKg,59.9,栗子,运营二组,运动/瑜伽/健身/球迷用品>游泳>游泳专用包,运动/瑜伽/健身/球迷用品,游泳,游泳专用包,image.png,泳具-其他,,,同意,,,,
2024,2024/04/07,781195170389,梦幻岛小护盾泳衣,KQ24040,清仓,https://detail.tmall.com/item.htm?id=781195170389,69.9,虾滑,运营二组,运动/瑜伽/健身/球迷用品>游泳>儿童泳衣/裤,运动/瑜伽/健身/球迷用品,游泳,儿童泳衣/裤,image.png,泳衣,,,同意,,,,
2024,2024/04/09,782150302294,苹果岛屿亲子小护盾泳衣,KQ24033,清仓,https://detail.tmall.com/item.htm?id=782150302294,"65.9
成人：75.9",虾滑,运营二组,运动/瑜伽/健身/球迷用品>游泳>儿童泳衣/裤,运动/瑜伽/健身/球迷用品,游泳,儿童泳衣/裤,image.png,泳衣,,,同意,,,,
2024,2024/04/28,789399636938,几何帆船泳包,KQ24056,清仓,https://detail.tmall.com/item.htm?id=789399636938&spm=a211lz.success.0.0.5ad82b90lf7nGU,59.9,热狗,运营一组,运动/瑜伽/健身/球迷用品>游泳>游泳专用包,运动/瑜伽/健身/球迷用品,游泳,游泳专用包,image.png,泳具-其他,,,同意,,,,
2024,2024/04/09,782124219886,童话小护盾泳帽,KQ24045,清仓,https://detail.tmall.com/item.htm?abbucket=11&id=782124219886&rn=137a5e747152e4f045af30687dfbdbdc&spm=a1z10.3-b-s.w4011-14899565465.69.4e99367c07PLsY,25.9,栗子,运营二组,运动/瑜伽/健身/球迷用品>游泳>泳帽,运动/瑜伽/健身/球迷用品,游泳,泳帽,image.png,泳具-其他,,,同意,,,,
2025,2025/03/17,899798281148,小光盾魔法生花泳衣（主）,KQ25050,清仓,https://detail.tmall.com/item.htm?id=899798281148&spm=a21dvs.23580594.0.0.3f544b51O9Zwsx,109.9,桃酥,运营三组,童装/婴儿装/亲子装>儿童泳装>泳衣裤,童装/婴儿装/亲子装,儿童泳装,泳衣裤,image.png,泳衣,,,同意,,,儿童泳衣/裤,
2025,2025/06/14,939104470543,小光盾魔法生花泳衣（副）,KQ25050,清仓,https://detail.tmall.com/item.htm?id=939104470543,"109.9
泳衣+泳镜：139.9",桃酥,运营三组,运动/瑜伽/健身/球迷用品>游泳>儿童泳衣/裤,运动/瑜伽/健身/球迷用品,游泳,儿童泳衣/裤,image.png,泳衣,,,同意,,,,
2025,2025/03/12,898059741388,小雪糕魔法生花泳衣,KQ25049,清仓,https://detail.tmall.com/item.htm?id=898059741388&spm=a21dvs.23580594.0.0.3f544b51SnQrpk,"69.9
泳衣+泳镜：109.9
泳衣+泳包：119.9
泳衣+泳镜+泳包：159.9",栗子,运营二组,童装/婴儿装/亲子装>儿童泳装>泳衣裤,童装/婴儿装/亲子装,儿童泳装,泳衣裤,image.png,泳衣,,,同意,,,儿童泳衣/裤,
2025,2025/03/13,898453469175,涂鸦艺术家分体泳衣,KQ25046,B级,https://detail.tmall.com/item.htm?abbucket=5&id=898453469175&pisk=gCBrYdDyh8ertCjNlOvEgCohXupJIpz1Z9TBxMjHVUYlPLTF8GICN_sHR9JFkZAhFLs5ueb18H65dMmexZ9k9_TBPeJFvNrb5Rw12gppnPa_CXsLD4vtK0xoRKDDYp-klCJNJgppKyojK5wN2NcQOAckxnq2AHKHqwAlmjxMoHckKwYDihxnEpbHKoRDA3ooZvvhmmxwo2moKeDDohKsq3DkqoSDkHvH-wAoNPIlxx-6Zko69K9IoMRySgYqQiB2qglR0EkIpt52wF26uvDh33S0vAajQWTG6UO6SZ2jUpSDYZR1aPkP8MjOtIWEru_Go67HDsUETF5hV1BvGDcl098ysTAqjvsMeHbHTsUZC3J5gCWPwk3cqNTPsLIIbzs2_sR9mImEZL11f9dGE8u9lCKFuC1z7Y7G4T0pmKGAp_unTQxv0FZ40ASqDNerlTDn9XdDBn8_V3GK9Qxv0FZ40XhpihK25ut5.&rn=8fc9f9e3eefefcde30db2d30d27f8241&spm=a1z10.3-b-s.w4011-2629836412.123.731f367cQcTryh,"59.9
组合：79.9",热狗,运营一组,童装/婴儿装/亲子装>儿童泳装>泳衣裤,童装/婴儿装/亲子装,儿童泳装,泳衣裤,image.png,泳衣,,,同意,,,儿童泳衣/裤,
2025,2025/03/28,903588197784,小小逐浪者溯溪鞋（主）,KQ25060,A级,https://detail.tmall.com/item.htm?abbucket=11&id=903588197784&pisk=gaZZcRtZAGIwTlctSki28J6kdmnt4m57SoGjn-2mCfcg1cG4g8eb5PwmGoo49W00fcw_TjV7gxZ_c-vqnWiikPGj1jo4H7WCNgs7BRnxx_15V4uRiCmJmEcMGe0nemkiO4ozMRnxmsyFFsW_B7AZRxLmnvXEhxHMmS0gKHDxtxYimScn-YDDjmV0i2xn3xcDSnmDxDcKQjxiInvnxAMJsIc0iJXEHXcmmVV0KbG0I-xEFVXVuCHFK1cx7b2iT3yLYAcMWRle3KqU8VlkVX-DmkkaKtK5O37jZzhsPbVhAho4KxPEPP5ybSy0er0U0CX_ZW44ivUdgElzoRa8v29DSJrq_4qi8LxbEcH0iqzda3MZfyuzbPBvtRVS_zmThL5_L4zEyv0H3Fm_P8ZxrljwwXg-3Wu77_-aZg7HMvmBJoUwiEuipvl5L9-zLpFRbBZMmELx-0HENOM6kE3ipvl5L98vk2D-Lb6sC&rn=e784b2a65c7cb3fa09f1df76d2a95465&spm=a1z10.3-b-s.w4011-2629836412.110.bda1367cvG13Rv,69.9,热狗,运营一组,户外/登山/野营/旅行用品>户外鞋靴>沙滩鞋/凉鞋/拖鞋,户外/登山/野营/旅行用品,户外鞋靴,沙滩鞋/凉鞋/拖鞋,image.png,溯溪鞋,,,不同意,,,运动沙滩鞋/凉鞋,
2025,2025/06/18,940597611897,小小逐浪者溯溪鞋（副）,KQ25060,A级,https://detail.tmall.com/item.htm?id=940597611897&spm=a21dvs.23580594.0.0.2e524b51VJFO9U,69.9,热狗,运营一组,运动鞋new>运动沙滩鞋/凉鞋>运动沙滩鞋/凉鞋,运动鞋new,运动沙滩鞋/凉鞋,运动沙滩鞋/凉鞋,image.png,溯溪鞋,,,不同意,,,,
20,2026/06/26,1060991502160,小小逐浪者溯溪鞋（副）,KQ25060,A级,https://detail.tmall.com/item.htm?id=1060991502160&spm=a21dvs.23580594.0.0.5984645ey1X7sh,69.9,热狗,运营一组,童鞋/婴儿鞋/亲子鞋>凉鞋>凉鞋,童鞋/婴儿鞋/亲子鞋,凉鞋,凉鞋,image.png,溯溪鞋,,,,,,,
2025,2025/03/27,902752670664,萌萌探险家高帮溯溪鞋,KQ25061,清仓,https://detail.tmall.com/item.htm?id=902752670664&spm=a211b3.detailpagenew.0.0.969b5444xx6VH3,49.9,虾滑,运营二组,户外/登山/野营/旅行用品>户外鞋靴>沙滩鞋/凉鞋/拖鞋,户外/登山/野营/旅行用品,户外鞋靴,沙滩鞋/凉鞋/拖鞋,image.png,溯溪鞋,,,同意,,,运动沙滩鞋/凉鞋,
2025,2025/03/27,902820450714,椰椰小岛溯溪鞋-溯溪鞋类目,KQ25059,B级,https://detail.tmall.com/item.htm?id=902820450714&spm=a211b3.detailpagenew.0.0.969b5444xx6VH3,69.9,栗子,运营二组,户外/登山/野营/旅行用品>户外鞋靴>溯溪鞋,户外/登山/野营/旅行用品,户外鞋靴,溯溪鞋,image.png,溯溪鞋,,,不同意,,,,
2025,2025/05/14,922718995168,椰椰小岛溯溪鞋-沙滩鞋类目,KQ25059,B级,https://detail.tmall.com/item.htm?id=922718995168&spm=a21dvs.23580594.0.0.52784b511EAKCU,69.9,栗子,运营二组,户外/登山/野营/旅行用品>户外鞋靴>沙滩鞋/凉鞋/拖鞋,户外/登山/野营/旅行用品,户外鞋靴,沙滩鞋/凉鞋/拖鞋,image.png,溯溪鞋,,,不同意,,,运动沙滩鞋/凉鞋,
2025,2025/08/05,962865268522,椰椰小岛溯溪鞋-凉鞋类目,KQ25059,B级,https://detail.tmall.com/item.htm?id=962865268522&spm=a21dvs.23580594.0.0.37ca645eQGajUH,69.9,栗子,运营二组,童鞋/婴儿鞋/亲子鞋>凉鞋>凉鞋,童鞋/婴儿鞋/亲子鞋,凉鞋,凉鞋,image.png,溯溪鞋,,,不同意,,,,
2025,2025/03/27,902793214174,云朵泡泡水滴泳帽,KQ25055,B级,https://detail.tmall.com/item.htm?id=902793214174&spm=a211b3.detailpagenew.0.0.969b5444xx6VH3,29.9,虾滑,运营二组,运动/瑜伽/健身/球迷用品>游泳>泳帽,运动/瑜伽/健身/球迷用品,游泳,泳帽,image.png,泳具-其他,,,同意,,,,
2025,2025/04/07,908285760995,几何序曲泳包,KQ25063,B级,https://detail.tmall.com/item.htm?id=908285760995&spm=a211lz.success.0.0.ae122b90Ko8QfV,59.9,虾滑,运营二组,运动/瑜伽/健身/球迷用品>游泳>游泳专用包,运动/瑜伽/健身/球迷用品,游泳,游泳专用包,image.png,泳具-其他,,,不同意,,,,
2025,2025/04/03,905274143163,几何序曲沙滩巾,KQ25057,B级,https://detail.tmall.com/item.htm?id=905274143163&spm=a21dvs.23580594.0.0.1d292c1bbhr8Vj,"69.9
滩巾+泳镜：94.9
沙滩巾+泳包：129.9
三件套：169.9",桃酥,运营三组,运动/瑜伽/健身/球迷用品>游泳>浴巾/吸水巾,运动/瑜伽/健身/球迷用品,游泳,浴巾/吸水巾,image.png,泳具-其他,,,不同意,,,,
2025,2025/04/03,906610100801,涂鸦艺术家斗篷沙滩巾,KQ25058,清仓,https://detail.tmall.com/item.htm?id=906610100801&spm=a21dvs.23580594.0.0.28cb4b51enw76G,65.9,栗子,运营二组,运动/瑜伽/健身/球迷用品>游泳>浴巾/吸水巾,运动/瑜伽/健身/球迷用品,游泳,浴巾/吸水巾,image.png,泳具-其他,,,同意,,,,
2025,2025/03/22,901094039441,破浪大框泳镜（主）,KQ25064,A级,https://detail.tmall.com/item.htm?id=901094039441&spm=a21dvs.23580594.0.0.621e2c1bKrTh7n,"45.9
泳镜+泳帽：65.9",虾滑,运营二组,玩具/童车/益智/早教/游乐设备>游泳池/戏水玩具>泳镜,玩具/童车/益智/早教/游乐设备,游泳池/戏水玩具,泳镜,image.png,泳镜,,,不同意,,,泳镜,
2025,2025/06/17,941674708221,破浪大框泳镜（副）,KQ25064,A级,https://detail.tmall.com/item.htm?id=941674708221&spm=a21dvs.23580594.0.0.1d292c1b3bNqML,"45.9
泳镜+泳帽：65.9",虾滑,运营二组,运动/瑜伽/健身/球迷用品>游泳>泳镜,运动/瑜伽/健身/球迷用品,游泳,泳镜,image.png,泳镜,,,不同意,,,泳镜,
2023,2023/04/18,713775811744,简约可爱儿童硅胶泳帽,KQ23057,清仓,https://detail.tmall.com/item.htm?id=713775811744&spm=a21dvs.23580594.0.0.484c4b51Y6Qgkv,29.9,热狗,运营一组,运动/瑜伽/健身/球迷用品>游泳>泳帽,运动/瑜伽/健身/球迷用品,游泳,泳帽,image.png,泳具-其他,,,同意,,,,
2023,2023/04/23,714012372317,夏日戏水溯溪鞋,KQ23067,清仓,https://detail.tmall.com/item.htm?id=714012372317,39.9,曲奇,运营三组,户外/登山/野营/旅行用品>户外鞋靴>沙滩鞋/凉鞋/拖鞋,户外/登山/野营/旅行用品,户外鞋靴,沙滩鞋/凉鞋/拖鞋,image.png,溯溪鞋,,,同意,,,运动沙滩鞋/凉鞋,
2023,2023/04/20,713702185045,海滨微风溯溪鞋,KQ23068,清仓,https://detail.tmall.com/item.htm?id=713702185045&spm=a21y7.12701734.0.0.466047a1kcy9tO,39.9,桃酥,运营三组,户外/登山/野营/旅行用品>户外鞋靴>沙滩鞋/凉鞋/拖鞋,户外/登山/野营/旅行用品,户外鞋靴,沙滩鞋/凉鞋/拖鞋,image.png,溯溪鞋,,,同意,,,运动沙滩鞋/凉鞋,
2025,2025/05/26,930546164711,小漫游轻云双肩包,KQ25072,清仓,https://detail.tmall.com/item.htm?id=930546164711&spm=a21dvs.23580594.0.0.5b4330fcD5AB8X,"M：79.9
L：89.9
智能版-M：119.9
智能版-L：129.9",洋葱,运营一组,玩具/童车/益智/早教/游乐设备>儿童包/背包/箱包>书包,玩具/童车/益智/早教/游乐设备,儿童包/背包/箱包,书包,image.png,书包,,,同意,,,双肩背包,
2025,2025/05/27,930995388469,萌宠小屋包,KQ25067,B级,https://detail.tmall.com/item.htm?id=930995388469&spm=a21dvs.23580594.0.0.5b4330fcD5AB8X,"S：89.9
M：99.9
智能版-S：129.9
智能版-M：139.9",虾滑,运营二组,玩具/童车/益智/早教/游乐设备>儿童包/背包/箱包>书包,玩具/童车/益智/早教/游乐设备,儿童包/背包/箱包,书包,image.png,书包,,,不同意,,,双肩背包,
2025,2025/05/19,926233305338,领航者网舱书包（主）,KQ25068,清仓,https://detail.tmall.com/item.htm?id=926233305338&spm=a21dvs.23580594.0.0.621e2c1bIXboET,"小码：149.9
大码：159.9
小码+笔袋：169.9
大码+笔袋：179.9
智能版小码：189.9
智能版大码：199.9
智能版小码+笔袋：209.9
智能版大码+笔袋：219.9",桃酥,运营三组,玩具/童车/益智/早教/游乐设备>儿童包/背包/箱包>书包,玩具/童车/益智/早教/游乐设备,儿童包/背包/箱包,书包,image.png,书包,,,同意,,,双肩背包,
2025,2025/07/14,951840670668,领航者网舱书包（副）,KQ25068,清仓,https://detail.tmall.com/item.htm?id=951840670668&spm=a21dvs.23580594.0.0.6658645eYWfr8K,"小码：149.9
大码：159.9
小码+笔袋：169.9
大码+笔袋：179.9
智能版小码：189.9
智能版大码：199.9
智能版小码+笔袋：209.9
智能版大码+笔袋：219.9",桃酥,运营三组,箱包皮具/热销女包/男包>双肩背包>双肩背包,箱包皮具/热销女包/男包,双肩背包,双肩背包,image.png,书包,,,同意,,,,
2025,2025/05/23,929030400050,拓界者双搭扣书包（主）,KQ25069,A级,https://detail.tmall.com/item.htm?id=929030400050&spm=a21dvs.23580594.0.0.5b4330fcbeIrSi,"M：149.9
L：159.9
M+笔袋：169.9
L+笔袋：179.9
智能款M：189.9
智能款L：199.9
智能款M+笔袋：209.9
智能款L+笔袋：219.9",热狗,运营一组,玩具/童车/益智/早教/游乐设备>儿童包/背包/箱包>书包,玩具/童车/益智/早教/游乐设备,儿童包/背包/箱包,书包,image.png,书包,,,不同意,,,双肩背包,
2025,2025/07/18,953344514158,拓界者双搭扣书包（副）,KQ25069,A级,https://detail.tmall.com/item.htm?id=953344514158&spm=a21dvs.23580594.0.0.37ca645e6XPo1y,"M：149.9
L：159.9
M+笔袋：169.9
L+笔袋：179.9
智能款M：189.9
智能款L：199.9
智能款M+笔袋：209.9
智能款L+笔袋：219.9",热狗,运营一组,箱包皮具/热销女包/男包>双肩背包>双肩背包,箱包皮具/热销女包/男包,双肩背包,双肩背包,image.png,书包,,,不同意,,,,
2025,2025/05/26,929448778286,漫游者轻云双肩包（主）,KQ25071,清仓,https://detail.tmall.com/item.htm?id=929448778286&spm=a21dvs.23580594.0.0.5b4330fcVDzGnB,"M：89.9
L：99.9
M+笔袋：109.9
L+笔袋：119.9
智能版M：129.9
智能版L：139.9
智能版M+笔袋：149.9
智能版L+笔袋：159.9",曲奇,运营三组,玩具/童车/益智/早教/游乐设备>儿童包/背包/箱包>书包,玩具/童车/益智/早教/游乐设备,儿童包/背包/箱包,书包,image.png,书包,,,同意,,,双肩背包,
2025,2025/07/14,952458841031,漫游者轻云双肩包（副）,KQ25071,清仓,https://detail.tmall.com/item.htm?id=952458841031&spm=a21dvs.23580594.0.0.6658645eYWfr8K,"M：89.9
L：99.9
M+笔袋：109.9
L+笔袋：119.9
智能版M：129.9
智能版L：139.9
智能版M+笔袋：149.9
智能版L+笔袋：159.9",曲奇,运营三组,箱包皮具/热销女包/男包>双肩背包>双肩背包,箱包皮具/热销女包/男包,双肩背包,双肩背包,image.png,书包,,,同意,,,,
2025,2025/05/29,932104768493,"小吐司笔盒
（赠品笔盒）",KQ25070,B级,https://detail.tmall.com/item.htm?id=932104768493&spm=a21dvs.23580594.0.0.1d292c1blkNugk,25.9,曲奇,运营三组,文具电教/文化用品/商务用品>日常学习用品>笔袋,文具电教/文化用品/商务用品,日常学习用品,笔袋,image.png,罩衣/其他,,,不同意,,,,
2025,2025/05/21,926811322014,啵啵软糖雨衣,KQ25075,S级,https://detail.tmall.com/item.htm?id=926811322014&spm=a21dvs.23580594.0.0.621e2c1bpjXAW2,59.9,栗子,运营二组,居家日用>伞/雨具/防雨/防潮>雨披/雨衣,居家日用,伞/雨具/防雨/防潮,雨披/雨衣,image.png,雨具,,,不同意,,,,
2025,2025/05/21,926825562665,啵啵软糖雨靴,KQ25073,A级,https://detail.tmall.com/item.htm?id=926825562665&spm=a21dvs.23580594.0.0.621e2c1bpjXAW2,49.9,栗子,运营二组,童鞋/婴儿鞋/亲子鞋>儿童雨鞋>雨靴,童鞋/婴儿鞋/亲子鞋,儿童雨鞋,雨靴,image.png,雨具,,,不同意,,,,
2025,2025/05/30,931093331193,小耳朵提手雨鞋,KQ25076,清仓,https://detail.tmall.com/item.htm?id=931093331193,55.9,曲奇,运营三组,童鞋/婴儿鞋/亲子鞋>儿童雨鞋>雨靴,童鞋/婴儿鞋/亲子鞋,儿童雨鞋,雨靴,image.png,雨具,,,不同意,,,,
2025,2025/05/13,923702596879,口袋星期雨衣,KQ25066,B级,https://detail.tmall.com/item.htm?id=923702596879&spm=a211b3.detailpagenew.0.0.65765444aUdfKz&sku_properties=20509%3A28383,"儿童5件/10件/30件：23.9/39.9/109.9
成人5件/10件/30件：27.9/46.9/129.9",洋葱,运营一组,居家日用>伞/雨具/防雨/防潮>雨披/雨衣,居家日用,伞/雨具/防雨/防潮,雨披/雨衣,image.png,雨具,,,同意,,,,
2025,2025/05/12,921947539645,小彩绘奇遇雨衣,KQ25065,A级,https://detail.tmall.com/item.htm?id=921947539645&spm=a211b3.detailpagenew.0.0.65765444aUdfKz,79.9,曲奇,运营三组,居家日用>伞/雨具/防雨/防潮>雨披/雨衣,居家日用,伞/雨具/防雨/防潮,雨披/雨衣,image.png,雨具,,,不同意,,,,
2023,2023/07/25,730612089650,学生简约防水补习袋,KQ23051,清仓,https://detail.tmall.com/item.htm?id=730612089650&spm=a21dvs.23580594.0.0.621e3d0dFlv4RH,39.9,热狗,运营一组,文具电教/文化用品/商务用品>收纳/陈列用品>文件袋/资料袋/试卷收纳袋,文具电教/文化用品/商务用品,收纳/陈列用品,文件袋/资料袋/试卷收纳袋,image.png,罩衣/其他,,,同意,,,,
2022,2021/07/24,651574830948,趣出行圆角自动伞,KQ22188,B级,https://detail.tmall.com/item.htm?abbucket=11&id=651574830948&pisk=gqmIAOD0P6fIkqCiKBpaCUwf-FZSVbt2dTw-nYIFekEpNbG-sgyyKp0_efl74ukJtbi76Y0eKzRhFVGnHylSEp28wbh7a28w0vD3qud4Vn-qK1WMMYhQw8F9e-2AJdzLbzkyXud2g3g1-Rag2X7YuSQOW-VTpMER2dwTe8Z8pJUJC5e7n7IKwup6C8ezeMULJNBT38ZRyJUdX1e0pMFRJ7B9C8VTwuE-N3WbFeNndpCr0DADkRHL1gI-v34QGV_Pqg0zLyi-p5MZQcwQRSU6LAWsvfk-YD4MWNZoQqGSyjdN8W3bhfaqRIsIGX2-F8hBmtNtAYi_-VWcDAa7OVnL5TI-dlV8u4GBOwVK8fa0BPBWmRl46vmK5LftpjPQvRUwDKMTyVo3oDROAo3mLku-MC7U9qwR4_S4GhkcPOacVRN2Cd_lrc5APYECVil3JR2Q7d91944LIRN2Cd_lryegd5J6C63l.&rn=0d41b9ade7b5995d5cb260c720f25167&spm=a1z10.3-b.w4011-2629836412.48.4ba6367c7cw3Dv,54.9,洋葱,运营一组,居家日用>伞/雨具/防雨/防潮>伞,居家日用,伞/雨具/防雨/防潮,伞,image.png,雨具,,,同意,,,,
2023,2023/02/28,705399579104,大艺术家儿童雨衣,KQ23022,B级,https://detail.tmall.com/item.htm?abbucket=8&id=705399579104&rn=c18b009af1a502a7606ef1b858e436b9&spm=a1z10.3-b-s.w4011-14899565465.63.60a0367c1pAgcQ,119.9,桃酥,运营三组,居家日用>伞/雨具/防雨/防潮>雨披/雨衣,居家日用,伞/雨具/防雨/防潮,雨披/雨衣,image.png,雨具,,,不同意,,,,
2022,2022/02/02,668166698807,乐趣出行防雨鞋套,KQ22002,清仓,https://detail.tmall.com/item.htm?id=668166698807,22.9,虾滑,运营二组,居家日用>鞋用品>鞋套,居家日用,鞋用品,鞋套,image.png,雨具,,,同意,,,,
2023,2023/08/15,734191719277,彩虹便携雨衣,KQ23146,清仓,https://detail.tmall.com/item.htm?id=734191719277&spm=a21y7.12701734.0.0.623947a1IaSa05&sku_properties=20509:28383,"儿童7件/14件/21件/28件：23.9/39.9/55.9/72.9
成人7件/14件/21件/28件：28.9/49.9/69.9/89.9",洋葱,运营一组,居家日用>伞/雨具/防雨/防潮>雨披/雨衣,居家日用,伞/雨具/防雨/防潮,雨披/雨衣,image.png,雨具,,,同意,,,,
2024,2024/05/25,799529466369,KK树小氧气呼吸雨衣,KQ24070,B级,https://detail.tmall.com/item.htm?id=799529466369,119.9,洋葱,运营一组,居家日用>伞/雨具/防雨/防潮>雨披/雨衣,居家日用,伞/雨具/防雨/防潮,雨披/雨衣,image.png,雨具,,,不同意,,,,
2022,2022/07/11,678723522526,探索者双搭扣拼色书包（主）,KQ22152,A级,https://detail.tmall.com/item.htm?id=678723522526&spm=a21dvs.23580594.0.0.621e3d0dx9IqhX,"155.9/165.9/175.9
智能版：189.9/199.9/209.9",曲奇,运营三组,玩具/童车/益智/早教/游乐设备>儿童包/背包/箱包>书包,玩具/童车/益智/早教/游乐设备,儿童包/背包/箱包,书包,image.png,书包,,,不同意,,,双肩背包,
2022,2025/07/14,953038080990,探索者双搭扣拼色书包（副）,KQ22152,A级,https://detail.tmall.com/item.htm?id=953038080990&spm=a21dvs.23580594.0.0.6658645eYWfr8K,"155.9/165.9/175.9
智能版：189.9/199.9/209.9",曲奇,运营三组,箱包皮具/热销女包/男包>双肩背包>双肩背包,箱包皮具/热销女包/男包,双肩背包,双肩背包,image.png,书包,,,不同意,,,,
2019,2018/03/20,566283694077,隐形海洋大帽檐,KQ19473,A级,https://detail.tmall.com/item.htm?id=566283694077&spm=a21dvs.23580594.0.0.621e3d0dYy8mME&sku_properties=20017:24396146912,39.9/45.9/55.8,虾滑,运营二组,童装/婴儿装/亲子装>帽子/围巾/口罩/手套/耳套/脚套>帽子,童装/婴儿装/亲子装,帽子/围巾/口罩/手套/耳套/脚套,帽子,image.png,其他防晒帽,,,不同意,,,,
2023,2023/02/28,704964893976,乐玩园游会半空顶防晒帽,KQ23014,S级,https://detail.tmall.com/item.htm?id=704964893976&spm=a21y7.12701734.0.0.3b5047a11jxY75&sku_properties=20017:65303845;20509:78928675,39.9,栗子,运营二组,童装/婴儿装/亲子装>帽子/围巾/口罩/手套/耳套/脚套>帽子,童装/婴儿装/亲子装,帽子/围巾/口罩/手套/耳套/脚套,帽子,image.png,婴童防晒帽,5,继承,不同意,,,,
2023,2023/03/07,706689231478,呼吸防晒空顶披风帽,KQ23023,S级,https://detail.tmall.com/item.htm?id=706689231478&spm=a21ag.23983127.0.3.6a2750a5O1b63K&sku_properties=20017:32692869407,"49.9
组合：61.9",蛤蜊,运营三组,童装/婴儿装/亲子装>帽子/围巾/口罩/手套/耳套/脚套>帽子,童装/婴儿装/亲子装,帽子/围巾/口罩/手套/耳套/脚套,帽子,image.png,其他防晒帽,,,不同意,,,,
2023,2018/03/08,565628742471,K标太阳镜,KQ28205,S级,https://detail.tmall.com/item.htm?id=565628742471&spm=a21y7.12701734.0.0.3b5047a11jxY75&sku_properties=122216343:271046006,29.9/39.9,虾滑,运营二组,童装/婴儿装/亲子装>儿童配饰>太阳镜,童装/婴儿装/亲子装,儿童配饰,太阳镜,image.png,太阳镜,5,继承,不同意,,,,K标太阳镜全检.pdf
2024,2024/02/22,768898791253,扭扭软糖太阳镜,KQ24041,S级,https://detail.tmall.com/item.htm?id=768898791253&sku_properties=122216343:30778046810&spm=a21dvs.23580594.0.0.621e3d0dZPrHgE,29.9/39.9,虾滑,运营二组,童装/婴儿装/亲子装>儿童配饰>太阳镜,童装/婴儿装/亲子装,儿童配饰,太阳镜,image.png,太阳镜,5,,不同意,,,,
2023,2023/03/20,708379056203,夏日偏光折叠太阳镜（主）,KQ23021,S级,https://detail.tmall.com/item.htm?id=708379056203&spm=a21dvs.23580594.0.0.621e3d0d3gWFWB&sku_properties=122216343:1817568817,49.9/59.9,栗子,运营二组,童装/婴儿装/亲子装>儿童配饰>太阳镜,童装/婴儿装/亲子装,儿童配饰,太阳镜,image.png,太阳镜,5,,不同意,,,,
2023,2025/05/28,930319699634,夏日偏光折叠太阳镜（副）,KQ23021,S级,https://detail.tmall.com/item.htm?abbucket=11&id=930319699634&pisk=gX1oVnw1FTJWVdhSEyA7Ffu6h62AFQOBjMhpvBKU3n-Xw3EWweJFXGvE9ae7-yxcA3pJa3hHtwjCvp5pv605iGcKwuw58XApTlET65Q7PBOUXflJC_nWWFiU93ly0QTKcFxMi5Q5PHgoYPB462cME6eELHSegn86SB8yTUJ4oeYMYB-yLm728n-eTMky3Z8e5X-eYHz0ge8EaUky8SP2SeGeTBSUgrYB0UReTM74oeGkJX-GTs14xx0YShfStBLkEh7y4aQRgzp-FZxmbcfcnHKa6ncETsYluyGTDf2pbOtJBhS4MbAhuejDBTqiZMbF59Jct0zRbiWhYE6bxvxGLaB1GK3EUZfHqd5ynVld7QTFYpXbjfLkwtvGZTaI0aS9qOR5JVqRodXDCEJq-YRRBNCBQ_Pofnp6-ivOElclbgJm3Ao0eXT4JskIdL8XohCeIH4g0VGzDr4mC89ylUETorDIdL8XohU0oAiWUET8X&rn=6ac230b5e0dcbf471c8db6d73411cb0f&spm=a1z10.3-b-s.w4011-2629836412.288.7155367cy8ZzgD&sku_properties=122216343%3A1817568817,49.9,栗子,运营二组,童装/婴儿装/亲子装>儿童配饰>太阳镜,童装/婴儿装/亲子装,儿童配饰,太阳镜,image.png,太阳镜,5,,不同意,,,,
2023,2023/04/03,711033210134,伦敦海港条纹长袖防晒泳衣（主）,KQ23062,S级,https://detail.tmall.com/item.htm?id=711033210134,"89.9
+泳镜：114.9
+泳帽：119.9
+泳包：139.9
+泳镜+泳包：159.9",虾滑,运营二组,童装/婴儿装/亲子装>儿童泳装>泳衣裤,童装/婴儿装/亲子装,儿童泳装,泳衣裤,image.png,泳衣,5,继承,不同意,,,儿童泳衣/裤,
2023,2025/06/14,939637893745,伦敦海港条纹长袖防晒泳衣（副）,KQ23062,S级,https://detail.tmall.com/item.htm?id=939637893745&spm=a21dvs.23580594.0.0.1d292c1bRBopzw,"89.9
+泳镜：114.9
+泳帽：119.9
+泳包：139.9
+泳镜+泳包：159.9",虾滑,运营二组,运动/瑜伽/健身/球迷用品>游泳>儿童泳衣/裤,运动/瑜伽/健身/球迷用品,游泳,儿童泳衣/裤,image.png,泳衣,5,,不同意,,,,
2023,2023/09/04,737129404171,抽象艺术兜兜罩衣,KQ23178,A级,https://detail.tmall.com/item.htm?id=737129404171,28.9/47.8,虾滑,运营二组,童装/婴儿装/亲子装>反穿衣/罩衣>反穿衣/罩衣,童装/婴儿装/亲子装,反穿衣/罩衣,反穿衣/罩衣,image.png,罩衣/其他,5,,不同意,,,,
2024,2024/05/27,800095883147,KK树软噗噗呼吸雨鞋,KQ24073,清仓,https://detail.tmall.com/item.htm?id=800095883147,65.9,洋葱,运营一组,童鞋/婴儿鞋/亲子鞋>儿童雨鞋>雨靴,童鞋/婴儿鞋/亲子鞋,儿童雨鞋,雨靴,image.png,雨具,,,不同意,,,,
2024,2024/03/26,777468438025,几何帆船全身小护盾泳衣（主）,KQ24028,清仓,https://detail.tmall.com/item.htm?id=777468438025,65.9,洋葱,运营一组,童装/婴儿装/亲子装>儿童泳装>泳衣裤,童装/婴儿装/亲子装,儿童泳装,泳衣裤,image.png,泳衣,,,不同意,,,儿童泳衣/裤,
2024,2025/07/18,953498070677,几何帆船全身小护盾泳衣（副）,KQ24028,清仓,https://detail.tmall.com/item.htm?abbucket=11&id=953498070677&pisk=gBLKcvt2wADHmSLdsBogZ3gc4vhiscAUWpRbrTX3Vdp9dd8hKTjuyzB9GMceELxOed9OdycEYg6JLOvurBYJbzd2aecFrX7eTa7Snx0DeBRFzssMbGYL5P1v1u65Ncb690n5Bx0moCnCTaAsnUXOKo5diz_5A96_fO5Qdk95VPO1Q_57da6I6fBNaJ1QAyO_1_58FaZCOO11t667da17CR6NNa1CdLOs6_X1FbaseONCEzKdaf_hTYRLPzTO9GiMOOGDJF5drtABJ82oa6IdhB6tH_VrtGOP2UPzygdB0L5XdJMRUFd6Rn9jIkXBD_dD2BgQ5wYeOnsWlYrWtwXd5etYNzOOJOIkyGyKBtTe1E71jqGv1FJHTFduN41MnOOeRa3jgwQCdNCwrAzCehtW-M7zdYByWCTB2gW2oEp6n-XAZkGt6urPA1-sNdbGu9ytg1Bm94Ez4GlN6tct6urPA15OnXh84uSZ_&rn=3419c528704839c2e345bc14ff9497d8&spm=a1z10.3-b-s.w4011-2629836412.76.6b96367c75nCvo,65.9,洋葱,运营一组,运动/瑜伽/健身/球迷用品>游泳>儿童泳衣/裤,运动/瑜伽/健身/球迷用品,游泳,儿童泳衣/裤,image.png,泳衣,,,不同意,,,,
2024,2024/04/01,779189726106,小果冻硅胶泳镜（主）,KQ24055,A级,https://detail.tmall.com/item.htm?id=779189726106,"电镀：49.9
电镀+泳帽：64.9
透明：45.9
透明+泳帽：59.9

",曲奇,运营三组,玩具/童车/益智/早教/游乐设备>游泳池/戏水玩具>泳镜,玩具/童车/益智/早教/游乐设备,游泳池/戏水玩具,泳镜,image.png,泳镜,,,不同意,,,泳镜,
2024,2025/01/20,878745051284,小果冻硅胶泳镜（副）,KQ24055,A级,https://detail.tmall.com/item.htm?id=878745051284&spm=a21dvs.23580594.0.0.1d292c1bY14txr,"电镀：49.9
电镀+泳帽：64.9
透明：45.9
透明+泳帽：59.9

",曲奇,运营三组,运动/瑜伽/健身/球迷用品>游泳>泳镜,运动/瑜伽/健身/球迷用品,游泳,泳镜,image.png,泳镜,,,不同意,,,泳镜,
2024,2024/02/17,767821644249,小冰糕四色披风帽,KQ24014,清仓,https://detail.tmall.com/item.htm?id=767821644249&sku_properties=20017:9204680829,39.9/51.9,曲奇,运营三组,童装/婴儿装/亲子装>帽子/围巾/口罩/手套/耳套/脚套>帽子,童装/婴儿装/亲子装,帽子/围巾/口罩/手套/耳套/脚套,帽子,image.png,其他防晒帽,,,同意,,,,
2024,2024/02/18,768088523792,小魔方卡片太阳镜（主）,KQ24027,A级,https://detail.tmall.com/item.htm?id=768088523792&spm=a21dov.b63576985.0.0.624a4b51gKWxtD&sku_properties=122216343:271046006,49.9/59.9,洋葱,运营一组,童装/婴儿装/亲子装>儿童配饰>太阳镜,童装/婴儿装/亲子装,儿童配饰,太阳镜,image.png,太阳镜,5,,不同意,,,,
2024,2025/05/28,931744880760,小魔方卡片太阳镜（副）,KQ24027,A级,https://detail.tmall.com/item.htm?abbucket=11&id=931744880760&pisk=gXvSxStGOz4S_iXLA_m4hIDt1OWI0mkZVkspjHezvTB-ReTpoJSEq0AfvE8CL9-Kre9CkHArq6uuAITkX_8Bx0jdJeLC8QlqQ3xlK93NdAkwq5HeKXY7pwBxvGSF2m5R36-EH93Z7vMwq3XhpeJeo9EYMGbA2MedwmNAYMXdvgBKcZICjweJJenfMGjQ98QRvxIAogwR28QdDoIlvzFdpeKxcg7AJ9CJJnh5JlsINaxS4TiLSiE5D3QbpJp-K__65WyQdBIRNpKCln-2hg15Wsiy0o9JuHpyEscYG9x21eOpWqPPyCs6l1RS58T6rMKCvUMgfZpWAK1kgl29c6_WMLCbvJK5nwCwOUg7Zadyl1jAMkMG0F7vqLdjxrKJ7a6RDsktfnCpgLfMUqe5BCxPUBLtu77J1MIyVR71b2VQc12CcNojcWVHV4a2QTwQQUfRmg1qcmaJt_IccNojcWVhwij5umibyBf..&rn=7c948973b73985ac408d9155f6ae076d&spm=a1z10.3-b-s.w4011-2629836412.159.731f367cxTRG6y&sku_properties=122216343%3A35744623845,49.9,洋葱,运营一组,童装/婴儿装/亲子装>儿童配饰>太阳镜,童装/婴儿装/亲子装,儿童配饰,太阳镜,image.png,太阳镜,,,不同意,,,,
2024,2024/03/21,775947174971,跃趣萌宠披风帽（主）,KQ24011,A级,https://detail.tmall.com/item.htm?id=775947174971&sku_properties=20017:31250056542;1627207:31746302905,59.9/82.9,热狗,运营一组,童装/婴儿装/亲子装>帽子/围巾/口罩/手套/耳套/脚套>帽子,童装/婴儿装/亲子装,帽子/围巾/口罩/手套/耳套/脚套,帽子,image.png,其他防晒帽,,,不同意,,,,
2024,2025/05/21,926835570334,跃趣萌宠披风帽（副）,KQ24011,A级,https://detail.tmall.com/item.htm?id=926835570334&spm=a21dvs.23580594.0.0.47f9645eD8vzn4&sku_properties=20017%3A9204680829,59.9,热狗,运营一组,童装/婴儿装/亲子装>帽子/围巾/口罩/手套/耳套/脚套>帽子,童装/婴儿装/亲子装,帽子/围巾/口罩/手套/耳套/脚套,帽子,image.png,其他防晒帽,,,不同意,,,,
2023,2023/09/05,737248296461,野营日记护耳帽（主）,KQ23169,B级,https://detail.tmall.com/item.htm?id=737248296461&spm=a21dvs.23580594.0.0.621e3d0dFlv4RH&sku_properties=20017:66063735,"35.9
手套：64.9
围脖：54.9
三件套：84.9",热狗,运营一组,童装/婴儿装/亲子装>帽子/围巾/口罩/手套/耳套/脚套>帽子,童装/婴儿装/亲子装,帽子/围巾/口罩/手套/耳套/脚套,帽子,image.png,秋冬帽,,,不同意,,,,
2023,2025/12/27,1006896750077,野营日记护耳帽（副）,KQ23169,B级,https://detail.tmall.com/item.htm?id=1006896750077&spm=a21dvs.23580594.0.0.37ca645ewsXQat&sku_properties=20017%3A799606002,"35.9
手套：64.9
围脖：54.9
三件套：84.9",热狗,运营一组,童装/婴儿装/亲子装>帽子/围巾/口罩/手套/耳套/脚套>帽子,童装/婴儿装/亲子装,帽子/围巾/口罩/手套/耳套/脚套,帽子,image.png,秋冬帽,,,不同意,,,,
2023,2023/09/05,737673331344,糯叽叽动物兜兜帽,KQ23165,A级,https://detail.tmall.com/item.htm?id=737673331344&spm=a21dvs.23580594.0.0.484c4b51Y6Qgkv&sku_properties=20017:13301803;20509:148833116,45.9,栗子,运营二组,童装/婴儿装/亲子装>帽子/围巾/口罩/手套/耳套/脚套>帽子,童装/婴儿装/亲子装,帽子/围巾/口罩/手套/耳套/脚套,帽子,image.png,秋冬帽,,,不同意,,,,
2023,2023/09/19,739842718101,野营日记一体帽,KQ23163,清仓,https://detail.tmall.com/item.htm?id=739842718101&spm=a21dvs.23580594.0.0.484c4b51Y6Qgkv&sku_properties=20017:22122371137,39.9/59.9,洋葱,运营一组,童装/婴儿装/亲子装>帽子/围巾/口罩/手套/耳套/脚套>帽子,童装/婴儿装/亲子装,帽子/围巾/口罩/手套/耳套/脚套,帽子,image.png,秋冬帽,,,同意,,,,
2025,2025/05/20,926872077931,小V假两件运动背心,KW25002,清仓,https://detail.tmall.com/item.htm?id=926872077931,29.9,曲奇,运营三组,童装/婴儿装/亲子装>背心吊带>背心吊带,童装/婴儿装/亲子装,背心吊带,背心吊带,image.png,普通童装,,,同意,,,,
2025,2025/05/22,927023023894,翅型开叉假两件五分运动裤,KW25005,清仓,https://detail.tmall.com/item.htm?id=927023023894&spm=a21dvs.23580594.0.0.5fd430fclYsCKi,45.9,虾滑,运营二组,童装/婴儿装/亲子装>裤子>裤子,童装/婴儿装/亲子装,裤子,裤子,image.png,普通童装,,,同意,,,,
2025,2025/05/20,927357996199,学院风运动短裤,KW25008,清仓,https://detail.tmall.com/item.htm?id=927357996199&spm=a21dvs.23580594.0.0.5fd430fclYsCKi,29.9,曲奇,运营三组,童装/婴儿装/亲子装>裤子>裤子,童装/婴儿装/亲子装,裤子,裤子,image.png,普通童装,,,同意,,,,
2025,2025/05/22,928459116784,小浪花裙裤,KW25011,清仓,https://detail.tmall.com/item.htm?id=928459116784&spm=a21dvs.23580594.0.0.5fd430fclYsCKi,49.9,虾滑,运营二组,童装/婴儿装/亲子装>裙子(新)>半身裙,童装/婴儿装/亲子装,裙子(新),半身裙,image.png,普通童装,,,同意,,,,
2025,2025/05/20,925973619669,不规则工装风裙裤,KW25014,清仓,https://detail.tmall.com/item.htm?id=925973619669&spm=a21dvs.23580594.0.0.1d292c1bJWyrbK,39.9,曲奇,运营三组,童装/婴儿装/亲子装>裤子>裤子,童装/婴儿装/亲子装,裤子,裤子,image.png,普通童装,,,同意,,,,
2025,2025/05/20,925901595729,小光晕晕染T,KW25017,清仓,https://detail.tmall.com/item.htm?id=925901595729&spm=a21dvs.23580594.0.0.621e2c1bTj6oGE,29.9,虾滑,运营二组,童装/婴儿装/亲子装>T恤>T恤,童装/婴儿装/亲子装,T恤,T恤,image.png,普通童装,,,同意,,,儿童速干T恤,
2025,2025/05/20,925986031191,新美式运动T,KW25020,清仓,https://detail.tmall.com/item.htm?id=925986031191&spm=a21dvs.23580594.0.0.5fd430fclYsCKi,39.9,曲奇,运营三组,童装/婴儿装/亲子装>T恤>T恤,童装/婴儿装/亲子装,T恤,T恤,image.png,普通童装,,,同意,,,儿童速干T恤,
2025,2025/05/22,927455742879,学院风条纹运动长裤,KW25023,清仓,https://detail.tmall.com/item.htm?id=927455742879&spm=a21dvs.23580594.0.0.1d292c1bPk3PRW,49.9,虾滑,运营二组,童装/婴儿装/亲子装>裤子>裤子,童装/婴儿装/亲子装,裤子,裤子,image.png,普通童装,,,同意,,,,
2025,2025/05/23,928014162975,小圆领无袖网球裙,KW25026,清仓,https://detail.tmall.com/item.htm?id=928014162975&spm=a211lz.success.0.0.34112b90qGo4lv,59.9,曲奇,运营三组,童装/婴儿装/亲子装>裙子(新)>连衣裙,童装/婴儿装/亲子装,裙子(新),连衣裙,image.png,普通童装,,,同意,,,,
2025,2025/05/23,927571319790,小叶片双色骑行裤,KW25029,清仓,https://detail.tmall.com/item.htm?id=927571319790&spm=a21dvs.23580594.0.0.5b4330fcQ2T17S,35.9,虾滑,运营二组,童装/婴儿装/亲子装>裤子>裤子,童装/婴儿装/亲子装,裤子,裤子,image.png,普通童装,,,同意,,,,
2025,2025/05/23,927650339198,木耳边假两件舞蹈裙裤,KW25032,清仓,https://detail.tmall.com/item.htm?id=927650339198&skuId=5977287822871&spm=a211lz.success.0.0.6f822b901cvoKZ,55.9,曲奇,运营三组,童装/婴儿装/亲子装>裙子(新)>半身裙,童装/婴儿装/亲子装,裙子(新),半身裙,image.png,普通童装,,,同意,,,,
2025,2025/05/23,928507217499,云霄假两件运动长裤,KW25034,清仓,https://detail.tmall.com/item.htm?id=928507217499&spm=a21dvs.23580594.0.0.5b4330fcQ2T17S,49.9,虾滑,运营二组,童装/婴儿装/亲子装>裤子>裤子,童装/婴儿装/亲子装,裤子,裤子,image.png,普通童装,,,同意,,,,
2025,2025/05/20,926824173285,超动感运动背心,KW25003,清仓,https://detail.tmall.com/item.htm?id=926824173285&spm=a21dvs.23580594.0.0.1d292c1bJWyrbK,35.9,洋葱,运营一组,童装/婴儿装/亲子装>背心吊带>背心吊带,童装/婴儿装/亲子装,背心吊带,背心吊带,image.png,普通童装,,,同意,,,,
2025,2025/05/22,927039771423,不规则假两件五份运动裤,KW25006,清仓,https://detail.tmall.com/item.htm?id=927039771423&spm=a21dvs.23580594.0.0.5fd430fci8Bqbv,49.9,栗子,运营二组,童装/婴儿装/亲子装>裤子>裤子,童装/婴儿装/亲子装,裤子,裤子,image.png,普通童装,,,同意,,,,
2025,2025/05/22,927938113871,不规则下摆五分裤,KW25009,清仓,https://detail.tmall.com/item.htm?id=927938113871&spm=a21dvs.23580594.0.0.5fd430fclYsCKi,45.9,洋葱,运营一组,童装/婴儿装/亲子装>裤子>裤子,童装/婴儿装/亲子装,裤子,裤子,image.png,普通童装,,,同意,,,,
2025,2025/05/22,927088627961,侧边风琴褶裙裤,KW25012,清仓,https://detail.tmall.com/item.htm?id=927088627961,45.9,洋葱,运营一组,童装/婴儿装/亲子装>裙子(新)>半身裙,童装/婴儿装/亲子装,裙子(新),半身裙,image.png,普通童装,,,同意,,,,
2025,2025/05/22,928001197210,美式复古骑行运动T,KW25015,清仓,https://detail.tmall.com/item.htm?id=928001197210&spm=a21dvs.23580594.0.0.1d292c1bCAbPej,49.9,洋葱,运营一组,童装/婴儿装/亲子装>T恤>T恤,童装/婴儿装/亲子装,T恤,T恤,image.png,普通童装,,,同意,,,儿童速干T恤,
2025,2025/05/20,926815457372,小画家泼墨T,KW25018,清仓,https://detail.tmall.com/item.htm?id=926815457372&spm=a21dvs.23580594.0.0.1d292c1bJWyrbK,35.9,栗子,运营二组,童装/婴儿装/亲子装>T恤>T恤,童装/婴儿装/亲子装,T恤,T恤,image.png,普通童装,,,同意,,,儿童速干T恤,
2025,2025/05/20,926276774429,小风琴polo网球裙,KW25024,清仓,https://detail.tmall.com/item.htm?id=926276774429&spm=a21dvs.23580594.0.0.1d292c1bJWyrbK,59.9,栗子,运营二组,童装/婴儿装/亲子装>裙子(新)>连衣裙,童装/婴儿装/亲子装,裙子(新),连衣裙,image.png,普通童装,,,同意,,,,
2025,,930079653317,小叶脉纯色骑行裤,KW25030,清仓,https://detail.tmall.com/item.htm?id=930079653317&spm=a21dvs.23580594.0.0.5b434b51jeEVFN,29.9,洋葱,运营一组,童装/婴儿装/亲子装>裤子>裤子,童装/婴儿装/亲子装,裤子,裤子,image.png,普通童装,,,同意,,,,
2025,2025/05/22,928461820354,印花拼接无感紧身裤,KW25033,清仓,https://detail.tmall.com/item.htm?id=928461820354&spm=a21dvs.23580594.0.0.5fd430fci8Bqbv,35.9,栗子,运营二组,童装/婴儿装/亲子装>裤子>裤子,童装/婴儿装/亲子装,裤子,裤子,image.png,普通童装,,,同意,,,,
2025,2025/05/20,926216826769,机能风线条运动背心,KW25001,清仓,https://detail.tmall.com/item.htm?id=926216826769,35.9,热狗,运营一组,童装/婴儿装/亲子装>T恤>T恤,童装/婴儿装/亲子装,T恤,T恤,image.png,普通童装,,,同意,,,儿童速干T恤,
2025,2025/05/20,926272250649,渐变嬉皮风运动背心,KW25004,清仓,https://detail.tmall.com/item.htm?id=926272250649&spm=a21dvs.23580594.0.0.621e2c1becpOpz,35.9,桃酥,运营三组,童装/婴儿装/亲子装>T恤>T恤,童装/婴儿装/亲子装,T恤,T恤,image.png,普通童装,,,同意,,,儿童速干T恤,
2025,2025/05/22,927836341225,美式工装五分裤,KW25010,清仓,https://detail.tmall.com/item.htm?id=927836341225&skuId=5808897252976&spm=a21dvs.23580594.0.0.621e2c1bHo1DVF,35.9,桃酥,运营三组,童装/婴儿装/亲子装>裤子>裤子,童装/婴儿装/亲子装,裤子,裤子,image.png,普通童装,,,同意,,,,
2025,2025/05/20,927367128455,不规则学院风裙裤,KW25013,清仓,https://detail.tmall.com/item.htm?id=927367128455,29.9,热狗,运营一组,童装/婴儿装/亲子装>裙子(新)>半身裙,童装/婴儿装/亲子装,裙子(新),半身裙,image.png,普通童装,,,同意,,,,
2025,2025/05/20,927313280293,大理石纹印花T,KW25016,清仓,https://detail.tmall.com/item.htm?id=927313280293&spm=a21dvs.23580594.0.0.621e2c1becpOpz,39.9,桃酥,运营三组,童装/婴儿装/亲子装>T恤>T恤,童装/婴儿装/亲子装,T恤,T恤,image.png,普通童装,,,同意,,,儿童速干T恤,
2025,2025/05/22,927852905757,小山标运动T,KW25019,清仓,https://detail.tmall.com/item.htm?id=927852905757&spm=a21dvs.23580594.0.0.1d292c1bPk3PRW,45.9,桃酥,运营三组,童装/婴儿装/亲子装>T恤>T恤,童装/婴儿装/亲子装,T恤,T恤,image.png,普通童装,,,同意,,,儿童速干T恤,
2025,2025/05/22,928419252021,大K标插肩袖运动,KW25022,清仓,https://detail.tmall.com/item.htm?id=928419252021&spm=a21dvs.23580594.0.0.1d292c1bPk3PRW,35.9,桃酥,运营三组,童装/婴儿装/亲子装>T恤>T恤,童装/婴儿装/亲子装,T恤,T恤,image.png,普通童装,,,同意,,,儿童速干T恤,
2025,2025/05/22,927411922881,美人鱼运动网球裙,KW25025,清仓,https://detail.tmall.com/item.htm?id=927411922881&spm=a21dvs.23580594.0.0.5fd430fci8Bqbv,89.9,洋葱,运营一组,童装/婴儿装/亲子装>裙子(新)>连衣裙,童装/婴儿装/亲子装,裙子(新),连衣裙,image.png,普通童装,,,同意,,,,
2025,2025/05/20,926324230402,双色插肩袖polo衫,KW25028,清仓,https://detail.tmall.com/item.htm?id=926324230402&spm=a21dvs.23580594.0.0.621e2c1becpOpz,39.9,虾滑,运营二组,童装/婴儿装/亲子装>T恤>T恤,童装/婴儿装/亲子装,T恤,T恤,image.png,普通童装,,,同意,,,儿童速干T恤,
2025,2025/05/22,928473892744,光雾假两件五分运动裤,KW25031,清仓,https://detail.tmall.com/item.htm?id=928473892744&spm=a21dvs.23580594.0.0.5fd430fclYsCKi,45.9,桃酥,运营三组,童装/婴儿装/亲子装>裤子>裤子,童装/婴儿装/亲子装,裤子,裤子,image.png,普通童装,,,同意,,,,
2025,2025/05/22,928473892744,【专供】小布丁软软裤,KQ25020,A级,https://detail.tmall.com/item.htm?id=896781422759&spm=a211lz.success.0.0.2c2b2b90Y5cyEg,59.9,桃酥,运营三组,童装/婴儿装/亲子装>裤子>裤子,童装/婴儿装/亲子装,裤子,裤子,image.png,速干衣裤,,,同意,,,,
2025,2025/09/30,981384606546,小格调polo衫,KQ25143,清仓,https://detail.tmall.com/item.htm?id=981384606546&spm=a21dvs.23580594.0.0.1d292c1bCddolW,65.9,桃酥,运营三组,童装/婴儿装/亲子装>T恤>T恤,童装/婴儿装/亲子装,T恤,T恤,image.png,普通童装,,,同意,,,儿童速干T恤,
2025,2025/10/16,985330867258,小暖芯打底T,KQ25144,清仓,https://detail.tmall.com/item.htm?id=985330867258&spm=a21dvs.23580594.0.0.3cf2645eRzBiU9,69.9,桃酥,运营三组,童装/婴儿装/亲子装>T恤>T恤,童装/婴儿装/亲子装,T恤,T恤,image.png,普通童装,,,同意,,,儿童速干T恤,
2025,2025/10/08,983647265058,小糯米打底T,KQ25145,清仓,https://detail.tmall.com/item.htm?abbucket=11&id=983647265058&pisk=gGIEVOmefkEeSIG_A1KrQ-VZx4Kpq3Pf-gOWETXkdBAhOHOPatB5Rw6kNg-P61YlAH6C_QffaLsCVTDyE1tHywOWOQ-Pesy_GoZfp9KJjSNbccaITt-x-0AoNFXME3JH1E-Vw9KJq7ksqrZVp6hX8JkkEd2wFLnkK_vkSAA9F2AlZBYisLpJqQflZh0MpLmorpAHIhA9LbmHEQcMSKJ2Z2mlZO2weCAkqeflIRJJsQc5X9XobKT3QJZsHTleSeRcKCoVBGJH_2Be_0mlbN8eimOZq0jwLO2-c5i4PIbvOEOcslie4OvP_E_UgD5PEtQk7gl3dsfGz_vOW7uygaXCkGLsE2XN4B8cxFkmVtxpE_YPWSoXLH_wuM7LefXhGB7DvTM4OO8V7EpMSYuHAZ6f2Ej3Yjd6kL5wlwPqYsjribpMl4jR8b0y-dpwGRyZSaS86kl1x00-yFxvQIwBd43J-dpwGRyZy4LMHdRbdp1..&rn=214c6c13ae8d09ce4b62f3c20887c197&spm=a1z10.3-b-s.w4011-14899565465.115.109e367cC1n8pV,59.9,虾滑,运营二组,童装/婴儿装/亲子装>T恤>T恤,童装/婴儿装/亲子装,T恤,T恤,image.png,普通童装,,,同意,,,儿童速干T恤,
2025,,981406998416,小奶糕打底T,KQ25146,清仓,https://detail.tmall.com/item.htm?id=981406998416&spm=a21dvs.23580594.0.0.506c645evknwWg,59.9,热狗,运营一组,童装/婴儿装/亲子装>T恤>T恤,童装/婴儿装/亲子装,T恤,T恤,image.png,普通童装,,,同意,,,儿童速干T恤,
2025,2025/10/18,985899639309,暖抱抱抓绒马甲,KQ25149,清仓,https://detail.tmall.com/item.htm?id=985899639309&spm=a21dvs.23580594.0.0.3cf2645eRzBiU9,69.9,栗子,运营二组,童装/婴儿装/亲子装>马甲>马甲,童装/婴儿装/亲子装,马甲,马甲,image.png,普通童装,,,同意,,,,
2025,2025/09/30,981390906752,热力岛抓绒马甲,KQ25150,清仓,https://detail.tmall.com/item.htm?id=981390906752,75.9,洋葱,运营一组,童装/婴儿装/亲子装>马甲>马甲,童装/婴儿装/亲子装,马甲,马甲,image.png,普通童装,,,同意,,,,
2025,2025/10/16,986511473025,小暖萌抓绒马甲,KQ25151,清仓,https://detail.tmall.com/item.htm?id=986511473025&spm=a21dvs.23580594.0.0.37ca645eOTE0wU,75.9,曲奇,运营三组,童装/婴儿装/亲子装>马甲>马甲,童装/婴儿装/亲子装,马甲,马甲,image.png,普通童装,,,同意,,,,
2025,2025/10/18,987301413057,酷玩加绒连帽T,KW25047,清仓,https://detail.tmall.com/item.htm?id=987301413057&spm=a21dvs.23580594.0.0.3cf2645eRzBiU9,69.9,洋葱,运营一组,童装/婴儿装/亲子装>卫衣/绒衫>卫衣/绒衫,童装/婴儿装/亲子装,卫衣/绒衫,卫衣/绒衫,image.png,普通童装,,,同意,,,,
2025,2025/09/30,980862627226,小暖风加绒T,KW25048,清仓,https://detail.tmall.com/item.htm?id=980862627226&spm=a21dvs.23580594.0.0.3903645eGNjuRn,59.9,曲奇,运营三组,童装/婴儿装/亲子装>卫衣/绒衫>卫衣/绒衫,童装/婴儿装/亲子装,卫衣/绒衫,卫衣/绒衫,image.png,普通童装,,,同意,,,,
2025,,987989988284,小软糖加绒T,KW25049,清仓,https://detail.tmall.com/item.htm?id=987989988284&spm=a21dvs.23580594.0.0.3cf2645eRzBiU9,69.9,虾滑,运营二组,童装/婴儿装/亲子装>T恤>T恤,童装/婴儿装/亲子装,T恤,T恤,image.png,普通童装,,,同意,,,儿童速干T恤,
2025,2025/10/18,986560370380,暖力魔方加绒T,KW25050,清仓,https://detail.tmall.com/item.htm?id=986560370380&spm=a21dvs.23580594.0.0.3cf2645eRzBiU9,75.9,热狗,运营一组,童装/婴儿装/亲子装>卫衣/绒衫>卫衣/绒衫,童装/婴儿装/亲子装,卫衣/绒衫,卫衣/绒衫,image.png,普通童装,,,同意,,,,
2025,2025/10/16,986593721315,乐野软壳衣,KW25051,清仓,https://detail.tmall.com/item.htm?id=986593721315&spm=a21dvs.23580594.0.0.3cf2645eRzBiU9,109.9,桃酥,运营三组,童装/婴儿装/亲子装>卫衣/绒衫>卫衣/绒衫,童装/婴儿装/亲子装,卫衣/绒衫,卫衣/绒衫,image.png,普通童装,,,同意,,,,
2025,2025/10/18,987996056971,小熊仔抓绒衣,KW25052,清仓,https://detail.tmall.com/item.htm?id=987996056971&spm=a21dvs.23580594.0.0.3cf2645eFiggcV,99.9,栗子,运营二组,童装/婴儿装/亲子装>儿童户外服>儿童冲锋衣,童装/婴儿装/亲子装,儿童户外服,儿童冲锋衣,image.png,普通童装,,,同意,,,,
2025,2025/10/13,985528065217,小暖兜软壳衣,KW25053,清仓,https://detail.tmall.com/item.htm?id=985528065217&spm=a21dvs.23580594.0.0.3cf24b51yC6847,109.9,洋葱,运营一组,童装/婴儿装/亲子装>外套/夹克/大衣>普通外套,童装/婴儿装/亲子装,外套/夹克/大衣,普通外套,image.png,普通童装,,,同意,,,儿童冲锋衣,
2025,2025/09/30,980820871413,小奶冻羽绒服,KW25054,清仓,https://detail.tmall.com/item.htm?id=980820871413&spm=a21dvs.23580594.0.0.3903645eGNjuRn,219.9,曲奇,运营三组,童装/婴儿装/亲子装>羽绒服饰/羽绒内胆>羽绒服,童装/婴儿装/亲子装,羽绒服饰/羽绒内胆,羽绒服,image.png,普通童装,,,同意,,,,
2025,2025/10/18,985907987263,抱抱熊羽绒服,KW25055,清仓,https://detail.tmall.com/item.htm?id=985907987263&spm=a21dvs.23580594.0.0.3cf2645eRzBiU9,219.9,栗子,运营二组,童装/婴儿装/亲子装>羽绒服饰/羽绒内胆>羽绒服,童装/婴儿装/亲子装,羽绒服饰/羽绒内胆,羽绒服,image.png,普通童装,,,同意,,,,
2025,2025/09/30,980820503650,小暖舱羽绒服,KW25056,清仓,https://detail.tmall.com/item.htm?id=980820503650&spm=a21dvs.23580594.0.0.3903645eGNjuRn,389.9,洋葱,运营一组,童装/婴儿装/亲子装>羽绒服饰/羽绒内胆>羽绒服,童装/婴儿装/亲子装,羽绒服饰/羽绒内胆,羽绒服,image.png,普通童装,,,同意,,,,
2025,2025/10/16,986611989512,小暖包羽绒马甲,KW25057,清仓,https://detail.tmall.com/item.htm?id=986611989512&spm=a21dvs.23580594.0.0.3cf2645eRzBiU9,209.9,桃酥,运营三组,童装/婴儿装/亲子装>羽绒服饰/羽绒内胆>羽绒马甲,童装/婴儿装/亲子装,羽绒服饰/羽绒内胆,羽绒马甲,image.png,普通童装,,,同意,,,,
2025,2025/10/18,987978296670,小气球羽绒马甲,KW25058,清仓,https://detail.tmall.com/item.htm?id=987978296670&spm=a21dvs.23580594.0.0.3cf2645eRzBiU9,139.9,虾滑,运营二组,童装/婴儿装/亲子装>马甲>马甲,童装/婴儿装/亲子装,马甲,马甲,image.png,普通童装,,,同意,,,,
2025,2025/10/18,986563446267,小吐司棉马甲,KW25059,清仓,https://detail.tmall.com/item.htm?id=986563446267&spm=a21dvs.23580594.0.0.3cf2645eRzBiU9,89.9,热狗,运营一组,童装/婴儿装/亲子装>马甲>马甲,童装/婴儿装/亲子装,马甲,马甲,image.png,普通童装,,,同意,,,,
2025,2025/10/18,987306701413,小喇叭休闲裤,KW25060,清仓,https://detail.tmall.com/item.htm?id=987306701413&spm=a21dvs.23580594.0.0.3cf2645eRzBiU9,59.9,桃酥,运营三组,童装/婴儿装/亲子装>裤子>裤子,童装/婴儿装/亲子装,裤子,裤子,image.png,普通童装,,,同意,,,,
2025,2025/10/18,987324401202,守护者工装裤,KW25061,清仓,https://detail.tmall.com/item.htm?id=987324401202&spm=a21dvs.23580594.0.0.3cf2645eVzJ4S5,89.9,栗子,运营二组,童装/婴儿装/亲子装>裤子>裤子,童装/婴儿装/亲子装,裤子,裤子,image.png,普通童装,,,同意,,,,
2025,2025/10/13,984174251419,线迹加绒运动裤,KW25062,清仓,https://detail.tmall.com/item.htm?id=984174251419&spm=a21dvs.23580594.0.0.3cf24b51yC6847,69.9,洋葱,运营一组,童装/婴儿装/亲子装>裤子（新）>运动裤卫裤,童装/婴儿装/亲子装,裤子（新）,运动裤卫裤,image.png,普通童装,,,同意,,,,
2025,2025/10/18,986564286977,热力能量裤,KW25063,清仓,https://detail.tmall.com/item.htm?id=986564286977&spm=a21dvs.23580594.0.0.3cf2645eRzBiU9,75.9,栗子,运营二组,童装/婴儿装/亲子装>裤子>裤子,童装/婴儿装/亲子装,裤子,裤子,image.png,普通童装,,,同意,,,,
2025,2025/10/11,985546968656,小奶皮鲨鱼裤,KW25064,清仓,https://detail.tmall.com/item.htm?id=985546968656&spm=a21dvs.23580594.0.0.37ca645ehzXv7P,59.9,虾滑,运营二组,童装/婴儿装/亲子装>裤子>裤子,童装/婴儿装/亲子装,裤子,裤子,image.png,普通童装,,,同意,,,,
2025,2025/10/18,987309013750,漫步者假两件长裤,KW25065,清仓,https://detail.tmall.com/item.htm?id=987309013750&spm=a21dvs.23580594.0.0.3cf2645eRzBiU9,69.9,洋葱,运营一组,童装/婴儿装/亲子装>裤子>裤子,童装/婴儿装/亲子装,裤子,裤子,image.png,普通童装,,,同意,,,,
2025,2025/10/18,986008411720,小伞兵软壳裤,KW25067,清仓,https://detail.tmall.com/item.htm?id=986008411720&spm=a21dvs.23580594.0.0.3cf2645eRzBiU9,89.9,热狗,运营一组,童装/婴儿装/亲子装>裤子>裤子,童装/婴儿装/亲子装,裤子,裤子,image.png,普通童装,,,同意,,,,
2025,2025/10/18,987308409398,竞速者束脚裤,KW25068,清仓,https://detail.tmall.com/item.htm?id=987308409398&spm=a21dvs.23580594.0.0.3cf2645eRzBiU9,79.9,栗子,运营二组,童装/婴儿装/亲子装>裤子>裤子,童装/婴儿装/亲子装,裤子,裤子,image.png,普通童装,,,同意,,,,
2025,2025/10/18,987322489256,小戚风羽绒服,KQ25178,清仓,https://detail.tmall.com/item.htm?id=987322489256&spm=a21dvs.23580594.0.0.3cf2645eFiggcV,239.9,栗子,运营二组,童装/婴儿装/亲子装>羽绒服饰/羽绒内胆>羽绒服,童装/婴儿装/亲子装,羽绒服饰/羽绒内胆,羽绒服,image.png,普通童装,,,同意,,,,
2025,2025/10/29,988981671039,绒绒热能裤,KQ25158,清仓,https://detail.tmall.com/item.htm?id=988981671039,89.9,栗子,运营二组,童装/婴儿装/亲子装>裤子>裤子,童装/婴儿装/亲子装,裤子,裤子,image.png,普通童装,,,同意,,,,
2025,2025/10/18,988015020066,暖暖熊羽绒服,KQ25182,清仓,https://detail.tmall.com/item.htm?abbucket=11&id=988015020066&pisk=g7jEqdiefkEUvhG_A1Kr3uVOf9tpf3Pf-gOWETXkdBAhOHOPatB5Rw6kNg-P61YlAH6C_QffaLsCVTDyE1tHywOWOQ-Pesy_GoZfp9KJjSNbcj_F0exHKpAkt8AMdK26KhTVF_KJqSNr50YL03CF8JC0xVvM6Lon-LfkjOvXE3vkK32wsLJvZDfkqRywdL3n-LAHjAvXsvcoq3xijLpWZQvkERWM6Kukq3fkjRJJsQxkqA9cKTmwhe21mcOvH4DaWIWH_0mlxuLeg0R6Bdsa1eOVKMksC8pe8IXH_SJSeJTGeUS-e08PKZCJn6c3aQINIMbci5gBtZJPhaW3xcxCv9bDriV-r9tBThjhuYmlQHRwPg8tT5RcvOjvjFZ03OjOO9INFYqkCsOGpMxzm-KexBxwBgNtxQ7GrMTp2XVywGWGxaSribpMl4jR8b0y-dpwGRyZSaS86kl1x00-yFxvQIwBd43J-dpwGRyZy4LMHdRbdp1..&rn=2c1c1eba3034f250d65bbe19658f908b&spm=a1z10.3-b-s.w4011-14899565465.123.1c10367cMnlylO,169.9,桃酥,运营三组,童装/婴儿装/亲子装>羽绒服饰/羽绒内胆>羽绒服,童装/婴儿装/亲子装,羽绒服饰/羽绒内胆,羽绒服,image.png,普通童装,,,同意,,,,
2025,2025/10/18,986584598981,极光探险家羽绒服,KW9999,清仓,https://detail.tmall.com/item.htm?abbucket=11&id=986584598981&pisk=gSrj2twn5IAfSnUKlcWyRCHXhVmsGTSFhdMTKRK2BmnA15NTZhkNnt4SB7PsbcyOi5ZswR4VnV5DCzN0pqP_ItDt65Fs_r7PY-2mjcCEfMSUnodPNiNskjhJy8DpDFQrk-gNSgfFTMS1kLn1G6yVUZqQyvMKXxhxHUBSQALx653928hoIAdxXjB7ebcJHnHxHUh-QxLxXEK9y3HmpEpvXEp-2bDtXfFtXTi-ZAnt65ntaNvICZG0h9v-rslXbI9rwhKTVxgRz-h-fcWZnqG8hb1duutnlXexNhCBuMbq1bqdaawuOrFqE5sCNDU3NlgKfiOnhzeI2jodRUibUSqIDk1X0Yorg2UtPtIYFmGjWuupQEmbWSqsor9GK8nYZycnkafoForE5X0WwsezFj3Q5S5kXjzQe7gU4Q-EvyV7f2nd4MKEOwP95LgHfYGFFTTMSCq_T9oXfHPmkYDjzT6WMP0xEYGFFTTMSqHohbW5FIUG.&rn=2c1c1eba3034f250d65bbe19658f908b&spm=a1z10.3-b-s.w4011-14899565465.127.1c10367cMnlylO,199.9,桃酥,运营三组,童装/婴儿装/亲子装>羽绒服饰/羽绒内胆>羽绒服,童装/婴儿装/亲子装,羽绒服饰/羽绒内胆,羽绒服,image.png,普通童装,,,同意,,,,
2025,2025/11/01,990317574461,小羽宙羽绒服,KQ25179,清仓,https://detail.tmall.com/item.htm?id=990317574461&spm=a21dvs.23580594.0.0.506c645eVVH5tp,339.9,热狗,运营一组,童装/婴儿装/亲子装>羽绒服饰/羽绒内胆>羽绒服,童装/婴儿装/亲子装,羽绒服饰/羽绒内胆,羽绒服,image.png,普通童装,,,同意,,,,
2025,2025/08/19,966514879232,小闪电轻跑鞋,KKQ3113,清仓,https://detail.tmall.com/item.htm?id=966514879232&spm=a21dvs.23580594.0.0.506c645erZgf1i,159.9,热狗,运营一组,童鞋/婴儿鞋/亲子鞋>运动鞋>运动鞋,童鞋/婴儿鞋/亲子鞋,运动鞋,运动鞋,image.png,普通童装,,,同意,,,,
2025,2025/08/14,965948881263,小蜻蜓休闲运动鞋,KKQ3116,清仓,https://detail.tmall.com/item.htm?id=965948881263&spm=a21dvs.23580594.0.0.2593645eRuCor2,179.9,曲奇,运营三组,童鞋/婴儿鞋/亲子鞋>运动鞋>运动鞋,童鞋/婴儿鞋/亲子鞋,运动鞋,运动鞋,image.png,童鞋,,,同意,,,,
2025,2025/08/14,964626187909,小犀牛户外运动鞋,KKQ3105,清仓,https://detail.tmall.com/item.htm?id=964626187909&spm=a21dvs.23580594.0.0.4b2f4b51HKpf0v,139.9,栗子,运营二组,童鞋/婴儿鞋/亲子鞋>运动鞋>运动鞋,童鞋/婴儿鞋/亲子鞋,运动鞋,运动鞋,image.png,童鞋,,,同意,,,,
2025,2025/08/25,969958053872,漫游者户外运动鞋,KKQ3107,清仓,https://detail.tmall.com/item.htm?id=969958053872,139.9,热狗,运营一组,童鞋/婴儿鞋/亲子鞋>运动鞋>运动鞋,童鞋/婴儿鞋/亲子鞋,运动鞋,运动鞋,image.png,童鞋,,,同意,,,,
2025,2025/08/14,965167898708,探险家户外运动鞋,KKQ3118,清仓,https://detail.tmall.com/item.htm?id=965167898708&spm=a21dvs.23580594.0.0.4b2f4b51HKpf0v,159.9/179.9,桃酥,运营三组,童鞋/婴儿鞋/亲子鞋>运动鞋>运动鞋,童鞋/婴儿鞋/亲子鞋,运动鞋,运动鞋,image.png,童鞋,,,同意,,,,
2025,2025/08/06,962620785923,跳跳糖轻跑鞋,KKQ3112,清仓,https://detail.tmall.com/item.htm?id=962620785923&spm=a21dvs.23580594.0.0.4b2f4b51HKpf0v,169.9,栗子,运营二组,童鞋/婴儿鞋/亲子鞋>运动鞋>运动鞋,童鞋/婴儿鞋/亲子鞋,运动鞋,运动鞋,image.png,童鞋,,,同意,,,,
2025,2025/08/19,967021162867,太空舱轻跑鞋,KKQ3109,清仓,https://detail.tmall.com/item.htm?id=967021162867&spm=a21dvs.23580594.0.0.506c645erZgf1i,159.9,热狗,运营一组,童鞋/婴儿鞋/亲子鞋>运动鞋>运动鞋,童鞋/婴儿鞋/亲子鞋,运动鞋,运动鞋,image.png,童鞋,,,同意,,,,
2025,2025/08/14,964766855398,小勇士户外运动鞋,KKQ3106,清仓,https://detail.tmall.com/item.htm?id=964766855398&spm=a21dvs.23580594.0.0.2593645eRuCor2,149.9,曲奇,运营三组,童鞋/婴儿鞋/亲子鞋>运动鞋>运动鞋,童鞋/婴儿鞋/亲子鞋,运动鞋,运动鞋,image.png,童鞋,,,同意,,,,
2025,2025/08/04,961886921133,能量胶囊户外运动鞋,KKQ3101,清仓,https://detail.tmall.com/item.htm?id=961886921133&spm=a21dvs.23580594.0.0.4b2f4b51HKpf0v,169.9,洋葱,运营一组,童鞋/婴儿鞋/亲子鞋>运动鞋>运动鞋,童鞋/婴儿鞋/亲子鞋,运动鞋,运动鞋,image.png,童鞋,,,同意,,,,
2025,2025/08/07,963096853837,小雪糕轻跑鞋,KKQ3111,清仓,https://detail.tmall.com/item.htm?id=963096853837&spm=a21dvs.23580594.0.0.4b2f4b51HKpf0v,149.9,洋葱,运营一组,户外/登山/野营/旅行用品>户外鞋靴>越野跑鞋,户外/登山/野营/旅行用品,户外鞋靴,越野跑鞋,image.png,童鞋,,,同意,,,,
2025,2025/08/14,965185126330,趣步者户外运动鞋,KKQ3103,清仓,https://detail.tmall.com/item.htm?id=965185126330&spm=a21dvs.23580594.0.0.4b2f4b51HKpf0v,159.9,桃酥,运营三组,童鞋/婴儿鞋/亲子鞋>运动鞋>运动鞋,童鞋/婴儿鞋/亲子鞋,运动鞋,运动鞋,image.png,童鞋,,,同意,,,,
2025,2025/08/19,967056802588,跃野户外运动鞋,KKQ3104,清仓,https://detail.tmall.com/item.htm?id=967056802588&spm=a21dvs.23580594.0.0.7c7a30fcKBIl57,159.9,虾滑,运营二组,童鞋/婴儿鞋/亲子鞋>运动鞋>运动鞋,童鞋/婴儿鞋/亲子鞋,运动鞋,运动鞋,image.png,童鞋,,,同意,,,,
2025,2025/08/19,966525239576,小羚羊户外运动鞋,KKQ3115,清仓,https://detail.tmall.com/item.htm?id=966525239576&spm=a21dvs.23580594.0.0.4b2f4b51mriMqN,139.9,洋葱,运营一组,童鞋/婴儿鞋/亲子鞋>运动鞋>运动鞋,童鞋/婴儿鞋/亲子鞋,运动鞋,运动鞋,image.png,童鞋,,,同意,,,,
2025,2025/10/17,986271250969,小猫爪户外运动鞋,KQ25164,清仓,https://detail.tmall.com/item.htm?id=986271250969&spm=a21dvs.23580594.0.0.3cf2645eRzBiU9,159.9,热狗,运营一组,童鞋/婴儿鞋/亲子鞋>运动鞋>运动鞋,童鞋/婴儿鞋/亲子鞋,运动鞋,运动鞋,image.png,童鞋,,,同意,,,,
2025,2025/10/17,987699768162,北极光户外运动鞋,KQ25165,清仓,https://detail.tmall.com/item.htm?id=987699768162&spm=a21dvs.23580594.0.0.3cf24b511Km2AG,159.9,栗子,运营二组,童鞋/婴儿鞋/亲子鞋>运动鞋>运动鞋,童鞋/婴儿鞋/亲子鞋,运动鞋,运动鞋,image.png,童鞋,,,同意,,,,
2025,,987303225808,北极星雪地靴,KQ25170,清仓,https://detail.tmall.com/item.htm?id=987303225808&spm=a21dvs.23580594.0.0.3cf2645eRzBiU9,159.9,虾滑,运营二组,童鞋/婴儿鞋/亲子鞋>儿童靴子>雪地靴,童鞋/婴儿鞋/亲子鞋,儿童靴子,雪地靴,image.png,童鞋,,,同意,,,,
2025,,990881322921,小雪兔雪地靴,KQ25171,清仓,https://detail.tmall.com/item.htm?id=990881322921&spm=a21dvs.23580594.0.0.3cf2645eng6OCI,159.9,桃酥,运营三组,童鞋/婴儿鞋/亲子鞋>儿童靴子>雪地靴,童鞋/婴儿鞋/亲子鞋,儿童靴子,雪地靴,image.png,童鞋,,,同意,,,,
2025,2025/10/18,987311225160,小马达户外运动鞋,KQ25172,清仓,https://detail.tmall.com/item.htm?id=987311225160&spm=a21dvs.23580594.0.0.3cf2645eRzBiU9&sku_properties=1627207%3A28332,159.9,洋葱,运营一组,童鞋/婴儿鞋/亲子鞋>运动鞋>运动鞋,童鞋/婴儿鞋/亲子鞋,运动鞋,运动鞋,image.png,童鞋,,,同意,,,,
2025,,988121913016,小熊宝加绒靴,KQ25175,清仓,https://detail.tmall.com/item.htm?id=988121913016&spm=a21dvs.23580594.0.0.3cf24b51fTXZWk,159.9,栗子,运营二组,童鞋/婴儿鞋/亲子鞋>儿童靴子>棉靴,童鞋/婴儿鞋/亲子鞋,儿童靴子,棉靴,image.png,童鞋,,,同意,,,,
2025,2025/10/18,987299389619,小骑士马丁靴,KQ25176,清仓,https://detail.tmall.com/item.htm?id=987299389619&spm=a211lz.success.0.0.7bb82b90d1f9kS,159.9,曲奇,运营三组,童鞋/婴儿鞋/亲子鞋>儿童靴子>皮靴,童鞋/婴儿鞋/亲子鞋,儿童靴子,皮靴,image.png,童鞋,,,同意,,,,
2026,2026/01/12,1012684341703,大口袋蝉羽冰皮衣,KQ26002,A级,https://detail.tmall.com/item.htm?id=1012684341703&spm=a21dvs.23580594.0.0.6e8a4b51vlpexg,"110-150码：79.9
160-170码：89.9
",墨鱼,运营一组,童装/婴儿装/亲子装>儿童户外服>儿童皮肤衣/防晒衣,童装/婴儿装/亲子装,儿童户外服,儿童皮肤衣/防晒衣,image.png,防晒衣,,,不同意,,,,
2026,2025/12/30,1009225588007,小野趣翻翻帽,KQ26049,A级,https://detail.tmall.com/item.htm?id=1009225588007&spm=a21dvs.23580594.0.0.6e8a645e8AsEaC,"39.9
包屁衣：49.9",洋葱,运营一组,童装/婴儿装/亲子装>帽子/围巾/口罩/手套/耳套/脚套>帽子,童装/婴儿装/亲子装,帽子/围巾/口罩/手套/耳套/脚套,帽子,image.png,婴童防晒帽,5,,不同意,,,,
2026,2025/12/30,1007652402047,动物萌友云感帽,KQ26018,A级,https://detail.tmall.com/item.htm?id=1007652402047&spm=a21dvs.23580594.0.0.6e8a645eHGvOCr&sku_properties=20017%3A42103217195,39.9,洋葱,运营一组,童装/婴儿装/亲子装>帽子/围巾/口罩/手套/耳套/脚套>帽子,童装/婴儿装/亲子装,帽子/围巾/口罩/手套/耳套/脚套,帽子,image.png,婴童防晒帽,5,,不同意,,,,
2026,2025/12/31,1009488728622,花仙子翻翻帽,KQ26021,B级,https://detail.tmall.com/item.htm?id=1009488728622&sku_properties=20017%3A42103123489,35.9,曲奇,运营三组,童装/婴儿装/亲子装>帽子/围巾/口罩/手套/耳套/脚套>帽子,童装/婴儿装/亲子装,帽子/围巾/口罩/手套/耳套/脚套,帽子,image.png,婴童防晒帽,,,不同意,,,,
2026,2025/12/31,1009383800605,小动物软檐鸭舌帽,KQ26022,S级,https://detail.tmall.com/item.htm?id=1009383800605&spm=a21dvs.23580594.0.0.6e8a645e8AsEaC&sku_properties=20017%3A42171837565,"39.9
包屁衣：49.9",墨鱼,运营一组,童装/婴儿装/亲子装>帽子/围巾/口罩/手套/耳套/脚套>帽子,童装/婴儿装/亲子装,帽子/围巾/口罩/手套/耳套/脚套,帽子,image.png,婴童防晒帽,5,,不同意,,,,
2026,2026/01/05,1009885029221,亚麻小凉帽,KQ26047,A级,https://detail.tmall.com/item.htm?id=1009885029221&spm=a21dvs.23580594.0.0.6e8a645e8AsEaC&sku_properties=20017%3A42159988902,59.9,热狗,运营一组,童装/婴儿装/亲子装>帽子/围巾/口罩/手套/耳套/脚套>帽子,童装/婴儿装/亲子装,帽子/围巾/口罩/手套/耳套/脚套,帽子,image.png,其他防晒帽,,,不同意,,,,
2026,2026/01/04,1010406228501,小森林翻翻帽,KQ26043,B级,http://etail.tmall.com/item.htm?id=1010406228501&sku_properties=20017%3A42102215228&spm=a21dvs.23580594.0.0.6e8a645e8AsEaC,39.9,热狗,运营一组,童装/婴儿装/亲子装>帽子/围巾/口罩/手套/耳套/脚套>帽子,童装/婴儿装/亲子装,帽子/围巾/口罩/手套/耳套/脚套,帽子,image.png,婴童防晒帽,,,不同意,,,,
2026,2026/02/02,1017875899059,小护瞳防蓝光眼镜,KQ26103,清仓,https://detail.tmall.com/item.htm?abbucket=11&id=1017875899059&pisk=gsM-q_cZvEYuskvXWTADxsE7wHtcwImPH4o1Ky4lOq3xPqkuryVhp9Uxf7xr-2cYJqgYPTxyaWaKzr0hK0DKg9nZYYxzK3yr4JyBSFviJ0ozLIuoXrHRhtZrc6_7OI2j2BdQkFvMImd74JmXSbAhXUHUj9wQNz1fhrrLR_6IRS6bYr67ATwQlnEUlJZ7NkZfGlZaRuNIR-ibxl7CPu6BhKZUXgwQd2iXDkzbVJwIRmtYYAMWJrs7-9hxzJ2ISQC--2kY27UsDCWCphr5Syn589BnHjF85d4Ad9MY2mtFIEX9tPGar54slKX8pmZKk5cJWT3KAclQMvQWqVgj92ZqgeCLWXio_xPcA_ixpzFsFSI1KcwzA2NKgFBg28cY6YhyYZiSSzh_UDj9rmFtM5rbGMC7EfmiL5MWeNz0_k3YsbLOeVszqAD9h_QgWkfWDnCFT7ZVYIIK7RzPkhrYS3pdT6P20oUMDnCFT7Z4DPxJv65Ugn5..&rn=19413997e37e084b28b839b345d06a7b&spm=a1z10.3-b-s.w4011-14899565465.106.116e367c0TF8X6,59.9,桃酥,运营三组,ZIPPO/瑞士军刀/眼镜>功能眼镜>防蓝光镜,ZIPPO/瑞士军刀/眼镜,功能眼镜,防蓝光镜,image.png,蓝光眼镜,,,同意,,,,
2026,2026/02/04,1020039533235,小视宝防蓝光眼镜,KQ26090,B级,https://detail.tmall.com/item.htm?id=1020039533235&spm=a21dvs.23580594.0.0.3bc12c1bVj0n0W,49.9,栗子,运营二组,ZIPPO/瑞士军刀/眼镜>功能眼镜>防蓝光镜,ZIPPO/瑞士军刀/眼镜,功能眼镜,防蓝光镜,image.png,蓝光眼镜,,,不同意,,,,
2026,2026/01/29,1018903208977,小健将户外运动鞋,KQ26099,清仓,https://detail.tmall.com/item.htm?id=1018903208977&spm=a21dvs.23580594.0.0.37ca30fcv0qHKB,149,曲奇,运营三组,童鞋/婴儿鞋/亲子鞋>运动鞋>运动鞋,童鞋/婴儿鞋/亲子鞋,运动鞋,运动鞋,image.png,童鞋,,,同意,,,,
2026,2026/02/07,1019376595376,小风翼户外运动鞋,KQ26100,清仓,https://detail.tmall.com/item.htm?id=1019376595376&spm=a21dvs.23580594.0.0.37ca645eZ8Jc9z,159,虾滑,运营二组,童鞋/婴儿鞋/亲子鞋>运动鞋>运动鞋,童鞋/婴儿鞋/亲子鞋,运动鞋,运动鞋,image.png,童鞋,,,同意,,,,
2026,2026/02/07,1020024114010,小跃步户外运动鞋,KQ26101,B级,https://detail.tmall.com/item.htm?id=1020024114010&spm=a21dvs.23580594.0.0.53ea4b51vUuiR7,159,热狗,运营一组,童鞋/婴儿鞋/亲子鞋>运动鞋>运动鞋,童鞋/婴儿鞋/亲子鞋,运动鞋,运动鞋,image.png,童鞋,,,同意,,,,
2026,2026/02/10,1020094475528,小凌波轻跑鞋,KQ26119,清仓,https://detail.tmall.com/item.htm?id=1020094475528&spm=a211lz.success.0.0.7ee32b9008Pch5,139,桃酥,运营三组,童鞋/婴儿鞋/亲子鞋>运动鞋>运动鞋,童鞋/婴儿鞋/亲子鞋,运动鞋,运动鞋,image.png,童鞋,,,同意,,,,
2026,2026/02/23,1024086233134,小劲风户外运动鞋,KQ26120,清仓,https://detail.tmall.com/item.htm?abbucket=16&id=1024086233134&pisk=gkkmVm9dFjPXJZ_yKNyXNLqMtBO8M-w_-VBTWRUwazz7HrLbHlPZJ2VNBmdXjh4o5rFY3rBgIc0sW5kTWAjjE2XOHEOjbO2TQeLpppnjDRwwJb6zfQbbvlUwBoWwU-ZOPk43EpnjcPsc7HhypdxOj2RN_PuaUzrTYR5agl-uakEaQtPN30zzPlyaQsPNaTrUXZ54uVyr4lqU7Nra_zzzXl6aQRuZ43q_zoyaQVoyqlGcyOznQYMy-BrdJTib3Yq0iyokOOWg19Fb8fUPQekumeaE0zXNQy8OkPnoDEXI2-Ms-k3vUt0nAYgu42JMrRgS_Vrizp_ThX3jd70vTFi8nlVUQ7jNQ02mNWkYLp7uVbox_xgcjOrjHvFgR7xNC5erpWlEoGtI4-rZ5WM9RtaqbDMI9JvRgJoo_2cG4MfPT6VlCu-tU11_guZuJ6TkumTk7W_9q3fBGSr7DeKkq11_guZuJ3xlONN4VoLd.&rn=d9042980501d968f6782928d05e45661&spm=a1z10.3-b.w4011-14899565465.108.1df5367cCKuufH,159,栗子,运营二组,童鞋/婴儿鞋/亲子鞋>运动鞋>运动鞋,童鞋/婴儿鞋/亲子鞋,运动鞋,运动鞋,image.png,童鞋,,,同意,,,,
2026,2026/01/09,1011625865681,小轻壳连帽外套,KQ26007,A级,https://detail.tmall.com/item.htm?id=1011625865681&spm=a21dvs.23580594.0.0.1c7d2d69cCOfxA,69.9,洋葱,运营一组,童装/婴儿装/亲子装>儿童户外服>儿童皮肤衣/防晒衣,童装/婴儿装/亲子装,儿童户外服,儿童皮肤衣/防晒衣,image.png,防晒衣,,,不同意,,,,
2026,2026/02/27,1025707461399,驭光者冰奶皮防晒衣,KQ26014,A级,https://detail.tmall.com/item.htm?id=1025707461399&spm=a21dvs.23580594.0.0.37ca645eeVaN53,69.9,曲奇,运营三组,童装/婴儿装/亲子装>儿童户外服>儿童皮肤衣/防晒衣,童装/婴儿装/亲子装,儿童户外服,儿童皮肤衣/防晒衣,image.png,防晒衣,,,不同意,,,,
2026,2026/03/02,1026780305565,瓜瓜岛冰奶皮防晒衣,KQ26012,清仓,https://detail.tmall.com/item.htm?id=1026780305565&spm=a21dvs.23580594.0.0.53ea645egRUqxP,49.9,蛤蜊,运营三组,童装/婴儿装/亲子装>儿童户外服>儿童皮肤衣/防晒衣,童装/婴儿装/亲子装,儿童户外服,儿童皮肤衣/防晒衣,image.png,防晒衣,,,同意,,,,
2026,,1026033279502,3不怕儿童防晒T,KQ26042,B级,https://detail.tmall.com/item.htm?id=1026033279502&spm=a21dvs.23580594.0.0.53ea645elB08FM,39.9,虾滑,运营二组,童装/婴儿装/亲子装>T恤>T恤,童装/婴儿装/亲子装,T恤,T恤,image.png,速干衣裤,,,同意,,,儿童速干T恤,
2026,2026/03/02,1025875706262,萌力涂鸦冰奶皮防晒衣,KQ26006,B级,https://detail.tmall.com/item.htm?id=1025875706262&spm=a21dvs.23580594.0.0.53ea645egRUqxP,59.9,虾滑,运营二组,童装/婴儿装/亲子装>儿童户外服>儿童皮肤衣/防晒衣,童装/婴儿装/亲子装,儿童户外服,儿童皮肤衣/防晒衣,image.png,防晒衣,,,同意,,,,
2026,2026/01/13,1011474271996,小飞燕蝉羽冰皮衣,KQ26005,清仓,https://detail.tmall.com/item.htm?id=1011474271996&spm=a21dvs.23580594.0.0.6e8a4b51ZlBoc5,85.9,桃酥,运营三组,童装/婴儿装/亲子装>儿童户外服>儿童皮肤衣/防晒衣,童装/婴儿装/亲子装,儿童户外服,儿童皮肤衣/防晒衣,image.png,防晒衣,,,同意,,,,
2026,2026/01/13,1013734564762,风感薄防晒衣,KQ26041,清仓,https://detail.tmall.com/item.htm?id=1013734564762&spm=a21dvs.23580594.0.0.6e8a4b51ZlBoc5,89.9,桃酥,运营三组,童装/婴儿装/亲子装>儿童户外服>儿童皮肤衣/防晒衣,童装/婴儿装/亲子装,儿童户外服,儿童皮肤衣/防晒衣,image.png,防晒衣,,,同意,,,,
2026,2026/01/13,1012156402810,小彩壳蝉羽冰皮衣,KQ26004,A级,https://detail.tmall.com/item.htm?id=1012156402810&spm=a21dvs.23580594.0.0.6e8a4b51ZlBoc5,69.9,洋葱,运营一组,童装/婴儿装/亲子装>儿童户外服>儿童皮肤衣/防晒衣,童装/婴儿装/亲子装,儿童户外服,儿童皮肤衣/防晒衣,image.png,防晒衣,,,不同意,,,,
2026,2026/04/30,1046495615985,小彩壳蝉羽冰皮衣（成人）,KQ26004,A级,https://detail.tmall.com/item.htm?abbucket=12&id=1046495615985&pisk=gXnK23_wdCAHfHx6MMYiqw6DSipgpFDFXXkfq7VhPfhtOfo3t74l2gFthyvEZb0TwfGTOMve8zN-T5clqvm-7gHqUDvUqprELurWiIx02vkU4itHnDnpfOwrCg_QdFqspUL76IxDmALQLuD6i2bGjLe_ngZ7RWZ_C5y8NwsSNPs_U5sQFMZ71dez1u17Vga11JyuN7G7RAw_H-6CR8aCfhwUHuNSNu9tC5y8V7G7VdHsiMO819Nl2V9CfnJ51kS5VceL5FDQ1trIjJULGvid0iJzpyFjd5RK_VuL5Yz-4TS8uvgqa-GCOI4EFVhTpuKGRoMtPjeZAnfLQ2Dsa5ahUglYvbUjAPB5VkrLTlescLb4scFnNDU6niUufm4bAVYwtzqLHbiE9TISGADmYPoJM1Nr--r_nv-dXoMQFgzqmm34usVYEw99Ba7zRRSds1wwzSVg2RFDp3QPzPJaBSv9Ba7zRRyTippRzazwQ&rn=b56d5bc4afc26862d8221119efd49011&spm=a1z10.3-b-s.w4011-14899565465.110.5932367c6OdS2D,69.9,洋葱,运营一组,童装/婴儿装/亲子装>儿童户外服>儿童皮肤衣/防晒衣,童装/婴儿装/亲子装,儿童户外服,儿童皮肤衣/防晒衣,image.png,防晒衣,,,不同意,,,,
2026,2026/03/02,1025811846988,拓野者冰奶皮防晒衣,KQ26003,B级,https://detail.tmall.com/item.htm?id=1025811846988&spm=a21dvs.23580594.0.0.53ea645ep1Q7Eu,59.9,热狗,运营一组,童装/婴儿装/亲子装>儿童户外服>儿童皮肤衣/防晒衣,童装/婴儿装/亲子装,儿童户外服,儿童皮肤衣/防晒衣,image.png,防晒衣,,,同意,,,,
2026,2026/04/29,1046970706651,拓野者冰奶皮防晒衣（成人）,KQ26003,B级,https://detail.tmall.com/item.htm?id=1046970706651&spm=a21dvs.23580594.0.0.5a3f645eEOe5hc,59.9,热狗,运营一组,童装/婴儿装/亲子装>儿童户外服>儿童皮肤衣/防晒衣,童装/婴儿装/亲子装,儿童户外服,儿童皮肤衣/防晒衣,image.png,防晒衣,,,同意,,,,
2026,2026/03/03,1027111997294,冰奶皮快穿小斗篷,KQ26040,B级,https://detail.tmall.com/item.htm?id=1027111997294&spm=a21dvs.23580594.0.0.53ea645e7nQRZu,29.9,热狗,运营一组,童装/婴儿装/亲子装>儿童户外服>儿童皮肤衣/防晒衣,童装/婴儿装/亲子装,儿童户外服,儿童皮肤衣/防晒衣,image.png,防晒衣,,,不同意,,,,
2026,2026/01/19,1013833346200,显眼包蝉羽冰皮衣,KQ26011,A级,https://detail.tmall.com/item.htm?id=1013833346200&spm=a21dvs.23580594.0.0.6ffb2c1bimL16A,59.9,虾滑,运营二组,童装/婴儿装/亲子装>儿童户外服>儿童皮肤衣/防晒衣,童装/婴儿装/亲子装,儿童户外服,儿童皮肤衣/防晒衣,image.png,防晒衣,,,不同意,,,,
2026,2026/03/02,1025247491449,小萌盾冰奶皮防晒衣,KQ26010,A级,https://detail.tmall.com/item.htm?id=1025247491449&spm=a21dvs.23580594.0.0.53ea4b51r5UWWa,59.9,栗子,运营二组,童装/婴儿装/亲子装>儿童户外服>儿童皮肤衣/防晒衣,童装/婴儿装/亲子装,儿童户外服,儿童皮肤衣/防晒衣,image.png,防晒衣,,,不同意,,,,
2026,2026/02/26,1025334525778,小线条冰奶皮防晒T(主,KQ26008,A级,https://detail.tmall.com/item.htm?id=1025334525778&spm=a21dvs.23580594.0.0.53ea645eOcdSTF,"长袖：45.9
短袖：39.9",曲奇,运营三组,童装/婴儿装/亲子装>T恤>T恤,童装/婴儿装/亲子装,T恤,T恤,image.png,速干衣裤,,,不同意,,,儿童速干T恤,
2026,2026/05/13,1052295140794,小线条冰奶皮防晒T（副,KQ26008,A级,https://detail.tmall.com/item.htm?id=1052295140794&spm=a21dvs.23580594.0.0.52b14b519oivrr,"长袖：45.9
短袖：39.9",曲奇,运营三组,童装/婴儿装/亲子装>儿童户外服>儿童速干T恤,童装/婴儿装/亲子装,儿童户外服,儿童速干T恤,image.png,速干衣裤,,,不同意,,,,
2026,2026/02/27,1026589576082,小球星冰奶皮防晒T,KQ26001,B级,https://detail.tmall.com/item.htm?id=1026589576082&spm=a21dvs.23580594.0.0.53ea4b51a8Lozw,45.9,栗子,运营二组,童装/婴儿装/亲子装>T恤>T恤,童装/婴儿装/亲子装,T恤,T恤,image.png,速干衣裤,,,不同意,,,儿童速干T恤,
2026,2026/03/09,1027760343607,小清风透爽防晒T,KQ26013,B级,https://detail.tmall.com/item.htm?id=1027760343607&spm=a21dvs.23580594.0.0.53ea645eqdqyqw,29.9,热狗,运营一组,童装/婴儿装/亲子装>T恤>T恤,童装/婴儿装/亲子装,T恤,T恤,image.png,速干衣裤,,,同意,,,儿童速干T恤,
2026,2026/02/28,1024617571599,小麻薯冰奶皮防晒T,KQ26009,清仓,https://detail.tmall.com/item.htm?id=1024617571599&spm=a21dvs.23580594.0.0.53ea4b51vUuiR7,49.9,桃酥,运营三组,童装/婴儿装/亲子装>T恤>T恤,童装/婴儿装/亲子装,T恤,T恤,image.png,速干衣裤,,,不同意,,,儿童速干T恤,
2026,2026/04/29,1048885760249,小麻薯冰奶皮防晒T（成人）,KQ26009,清仓,https://detail.tmall.com/item.htm?id=1048885760249&spm=a21dvs.23580594.0.0.5a3f645eEOe5hc,49.9,桃酥,运营三组,童装/婴儿装/亲子装>T恤>T恤,童装/婴儿装/亲子装,T恤,T恤,image.png,速干衣裤,,,不同意,,,儿童速干T恤,
2026,2026/03/03,1027221113564,热带漫游空顶帽,KQ26102,B级,https://detail.tmall.com/item.htm?id=1027221113564&spm=a21dvs.23580594.0.0.53ea645e4we8w1&sku_properties=20017%3A22266187658,55.9,洋葱,运营一组,童装/婴儿装/亲子装>帽子/围巾/口罩/手套/耳套/脚套>帽子,童装/婴儿装/亲子装,帽子/围巾/口罩/手套/耳套/脚套,帽子,image.png,其他防晒帽,,,不同意,,,,
2026,2026/02/28,1026967700614,小小岛贝壳帽,KQ26061,清仓,https://detail.tmall.com/item.htm?id=1026967700614&spm=a21dvs.23580594.0.0.53ea4b51vUuiR7&sku_properties=20017%3A65303845%3B20509%3A22297202174,39.9,曲奇,运营三组,童装/婴儿装/亲子装>帽子/围巾/口罩/手套/耳套/脚套>帽子,童装/婴儿装/亲子装,帽子/围巾/口罩/手套/耳套/脚套,帽子,image.png,婴童防晒帽,,,不同意,,,,
2026,2026/01/07,1009158511406,萌宠小精灵双面帽,KQ26020,A级,https://detail.tmall.com/item.htm?id=1009158511406&spm=a21dvs.23580594.0.0.27c6645eLIaSk8&sku_properties=20017%3A993330616,39.9,虾滑,运营二组,童装/婴儿装/亲子装>帽子/围巾/口罩/手套/耳套/脚套>帽子,童装/婴儿装/亲子装,帽子/围巾/口罩/手套/耳套/脚套,帽子,image.png,其他防晒帽,,,不同意,,,,
2026,2026/02/27,1024753670969,小清新全防护荷叶帽,KQ26046,清仓,https://detail.tmall.com/item.htm?id=1024753670969&spm=a21dvs.23580594.0.0.53ea4b51wdOXGw,29.9,虾滑,运营二组,童装/婴儿装/亲子装>帽子/围巾/口罩/手套/耳套/脚套>帽子,童装/婴儿装/亲子装,帽子/围巾/口罩/手套/耳套/脚套,帽子,image.png,婴童防晒帽,,,同意,,,,
2026,2026/02/27,1024249099073,动物奇旅披风帽,KQ26045,清仓,https://detail.tmall.com/item.htm?id=1024249099073&spm=a211b3.detailpagenew.0.0.40a954446DFlE3,45.9,虾滑,运营二组,童装/婴儿装/亲子装>帽子/围巾/口罩/手套/耳套/脚套>帽子,童装/婴儿装/亲子装,帽子/围巾/口罩/手套/耳套/脚套,帽子,image.png,其他防晒帽,,,同意,,,,
2026,2026/02/26,1023707559413,小奶萌动物帽,KQ26019,B级,https://detail.tmall.com/item.htm?id=1023707559413&spm=a21dvs.23580594.0.0.53ea645eOcdSTF,39.9,桃酥,运营三组,童装/婴儿装/亲子装>帽子/围巾/口罩/手套/耳套/脚套>帽子,童装/婴儿装/亲子装,帽子/围巾/口罩/手套/耳套/脚套,帽子,image.png,婴童防晒帽,,,不同意,,,,
2026,2026/02/28,1026969140281,海岛假日防晒帽,KQ26074 ,S级,https://detail.tmall.com/item.htm?id=1026969140281&spm=a21dvs.23580594.0.0.37ca645eAWzEnu&sku_properties=20017%3A42684998414,"59.9
冰袖组合：69.9",桃酥,运营三组,童装/婴儿装/亲子装>帽子/围巾/口罩/手套/耳套/脚套>帽子,童装/婴儿装/亲子装,帽子/围巾/口罩/手套/耳套/脚套,帽子,image.png,其他防晒帽,,,不同意,,,,
2026,2026/03/16,1033082352037,无尺码运动卷卷帽,KQ26116,B级,https://detail.tmall.com/item.htm?id=1033082352037&spm=a21dvs.23580594.0.0.63544b51vLD53g&sku_properties=20017%3A42908320576%3B20509%3A42908260691,"59.9
冰袖组合：74.9",桃酥,运营三组,童装/婴儿装/亲子装>帽子/围巾/口罩/手套/耳套/脚套>帽子,童装/婴儿装/亲子装,帽子/围巾/口罩/手套/耳套/脚套,帽子,image.png,其他防晒帽,,,不同意,,,,
2026,2026/04/28,1047775769405,无尺码运动卷卷帽（成人）,KQ26116,B级,https://detail.tmall.com/item.htm?id=1047775769405&sku_properties=20509%3A28383&spm=a21dvs.23580594.0.0.5a3f4b51yg5Dg4,59.9,桃酥,运营三组,服饰配件/皮带/帽子/围巾>帽子>帽子,服饰配件/皮带/帽子/围巾,帽子,帽子,image.png,其他防晒帽,,,不同意,,,,
2026,2026/02/28,1026923628350,小森趣防晒渔夫帽-儿童,KQ26072,B级,https://detail.tmall.com/item.htm?id=1026923628350&spm=a21dvs.23580594.0.0.53ea4b51vUuiR7&sku_properties=20017%3A42692957552,"儿童：35.9
成人：39.9",墨鱼,运营一组,童装/婴儿装/亲子装>帽子/围巾/口罩/手套/耳套/脚套>帽子,童装/婴儿装/亲子装,帽子/围巾/口罩/手套/耳套/脚套,帽子,image.png,其他防晒帽,,,同意,,,,
2026,2026/04/22,1044660727684,小森趣防晒渔夫帽（成人）,KQ26072,B级,https://detail.tmall.com/item.htm?id=1044660727684&spm=a21dvs.23580594.0.0.5a3f4b51w2BLt8&sku_properties=20017%3A3622544%3B20509%3A26174594601,39.9,墨鱼,运营一组,服饰配件/皮带/帽子/围巾>帽子>帽子,服饰配件/皮带/帽子/围巾,帽子,帽子,image.png,其他防晒帽,,,同意,,,,
2026,2026/03/02,1025265119985,小清凉风扇防晒帽,KQ26070 ,B级,https://detail.tmall.com/item.htm?id=1025265119985&spm=a21dvs.23580594.0.0.53ea4b51x6nvRZ&sku_properties=20017%3A42692957552,79.9,墨鱼,运营一组,童装/婴儿装/亲子装>帽子/围巾/口罩/手套/耳套/脚套>帽子,童装/婴儿装/亲子装,帽子/围巾/口罩/手套/耳套/脚套,帽子,image.png,其他防晒帽,,,同意,,,,
2026,2026/03/03,1025636955271,小气囊运动卷卷帽（果果版）,KQ26118,B级,https://detail.tmall.com/item.htm?id=1025636955271&spm=a21dvs.23580594.0.0.53ea4b51x6nvRZ&sku_properties=20017%3A42730954062,39.9,墨鱼,运营一组,童装/婴儿装/亲子装>帽子/围巾/口罩/手套/耳套/脚套>帽子,童装/婴儿装/亲子装,帽子/围巾/口罩/手套/耳套/脚套,帽子,image.png,婴童防晒帽,,,同意,,,,
2026,2026/03/02,1025896002722,小气囊运动卷卷帽（花花版）,KQ26115,B级,https://detail.tmall.com/item.htm?id=1025896002722&spm=a21dvs.23580594.0.0.53ea4b51x6nvRZ&sku_properties=20017%3A42716614482,49.9,墨鱼,运营一组,童装/婴儿装/亲子装>帽子/围巾/口罩/手套/耳套/脚套>帽子,童装/婴儿装/亲子装,帽子/围巾/口罩/手套/耳套/脚套,帽子,image.png,婴童防晒帽,,,同意,,,,
2026,2026/02/28,1025191246999,小萌物运动卷卷帽,KQ26110,A级,https://detail.tmall.com/item.htm?id=1025191246999&spm=a21dvs.23580594.0.0.53ea4b51vUuiR7&sku_properties=20017%3A42692415277,49.9,虾滑,运营二组,童装/婴儿装/亲子装>帽子/围巾/口罩/手套/耳套/脚套>帽子,童装/婴儿装/亲子装,帽子/围巾/口罩/手套/耳套/脚套,帽子,image.png,其他防晒帽,,,不同意,,,,
2026,2026/02/27,1026652736249,小云檐空顶防晒帽,KQ26017,B级,https://detail.tmall.com/item.htm?id=1026652736249&spm=a21dvs.23580594.0.0.53ea4b51a8Lozw&sku_properties=20017%3A1371780412,"45.9
冰袖组合：55.9",栗子,运营二组,童装/婴儿装/亲子装>帽子/围巾/口罩/手套/耳套/脚套>帽子,童装/婴儿装/亲子装,帽子/围巾/口罩/手套/耳套/脚套,帽子,image.png,其他防晒帽,,,不同意,,,,
2026,2026/02/26,1025350853535,萌宠乐园防晒披风帽,KQ26044,B级,https://detail.tmall.com/item.htm?id=1025350853535&spm=a21dvs.23580594.0.0.53ea645eOcdSTF,59.9,栗子,运营二组,童装/婴儿装/亲子装>帽子/围巾/口罩/手套/耳套/脚套>帽子,童装/婴儿装/亲子装,帽子/围巾/口罩/手套/耳套/脚套,帽子,image.png,其他防晒帽,,,同意,,,,
2026,2026/02/25,1025017697937,猫耳飞行员鸭舌帽,KQ26073,B级,https://detail.tmall.com/item.htm?id=1025017697937&spm=a21dvs.23580594.0.0.53ea4b51fioLe7&sku_properties=20017%3A993330616,39.9,栗子,运营二组,童装/婴儿装/亲子装>帽子/围巾/口罩/手套/耳套/脚套>帽子,童装/婴儿装/亲子装,帽子/围巾/口罩/手套/耳套/脚套,帽子,image.png,其他防晒帽,,,同意,,,,
2026,2026/03/04,1026606738660,小凉盾黑胶防晒帽,KQ26089,B级,https://detail.tmall.com/item.htm?id=1026606738660&spm=a21dvs.23580594.0.0.53ea645eLcQWHs&sku_properties=20017%3A24119427768,49.9,栗子,运营二组,童装/婴儿装/亲子装>帽子/围巾/口罩/手套/耳套/脚套>帽子,童装/婴儿装/亲子装,帽子/围巾/口罩/手套/耳套/脚套,帽子,image.png,其他防晒帽,,,不同意,,,,
2026,2026/03/02,1027533184328,丛林奇兵防晒帽,KQ26069,清仓,https://detail.tmall.com/item.htm?id=1027533184328&spm=a21dvs.23580594.0.0.53ea645eCsLsgw&sku_properties=20017%3A42713617149,29.9,栗子,运营二组,童装/婴儿装/亲子装>帽子/围巾/口罩/手套/耳套/脚套>帽子,童装/婴儿装/亲子装,帽子/围巾/口罩/手套/耳套/脚套,帽子,image.png,其他防晒帽,,,同意,,,,
2026,2026/02/26,1024347362150,小乐园贝壳帽,KQ26062,B级,https://detail.tmall.com/item.htm?id=1024347362150&spm=a21dvs.23580594.0.0.53ea645eOcdSTF&sku_properties=20017%3A65303845%3B20509%3A42672344683,39.9,虾滑,运营二组,童装/婴儿装/亲子装>帽子/围巾/口罩/手套/耳套/脚套>帽子,童装/婴儿装/亲子装,帽子/围巾/口罩/手套/耳套/脚套,帽子,image.png,婴童防晒帽,,,不同意,,,,
2026,2026/03/02,1026757093852,小树荫黑胶防晒帽,KQ26079,清仓,https://detail.tmall.com/item.htm?id=1026757093852&spm=a21dvs.23580594.0.0.53ea645egRUqxP&sku_properties=20017%3A24396146912,49.9  冰袖组合：64.9,曲奇,运营三组,童装/婴儿装/亲子装>帽子/围巾/口罩/手套/耳套/脚套>帽子,童装/婴儿装/亲子装,帽子/围巾/口罩/手套/耳套/脚套,帽子,image.png,其他防晒帽,,,同意,,,,
2026,2026/02/28,1026997844436,几何乐园空顶防晒帽,KQ26071,清仓,https://detail.tmall.com/item.htm?id=1026997844436&spm=a21dvs.23580594.0.0.37ca645eAWzEnu&sku_properties=20017%3A37939562403,49.9,曲奇,运营三组,童装/婴儿装/亲子装>帽子/围巾/口罩/手套/耳套/脚套>帽子,童装/婴儿装/亲子装,帽子/围巾/口罩/手套/耳套/脚套,帽子,image.png,其他防晒帽,,,同意,,,,
2026,,1028040020177,小轻荷水陆两栖涉水裤,KQ26037,新品,https://detail.tmall.com/item.htm?id=1028040020177&spm=a21dvs.23580594.0.0.53ea4b51x6nvRZ,49.9,墨鱼,运营一组,童装/婴儿装/亲子装>裤子>裤子,童装/婴儿装/亲子装,裤子,裤子,image.png,速干衣裤,,,,,,,
2026,2026/03/13,1030373622686,小风孔冰奶皮速干背心/短袖套装套装,KQ26039,B级,https://detail.tmall.com/item.htm?id=1030373622686&spm=a21dvs.23580594.0.0.4ead645efBI0tV,59.9,洋葱,运营一组,童装/婴儿装/亲子装>T恤>T恤,童装/婴儿装/亲子装,T恤,T恤,image.png,速干衣裤,,,同意,,,儿童速干T恤,
2026,2026/01/12,1011121851727,小纱窗速干裤,KQ26025,A级,https://detail.tmall.com/item.htm?id=1011121851727&spm=a21dvs.23580594.0.0.1c7d2d69cCOfxA,75.9,洋葱,运营一组,童装/婴儿装/亲子装>裤子>裤子,童装/婴儿装/亲子装,裤子,裤子,image.png,速干衣裤,,,不同意,,,,
2026,2026/02/25,1025833716044,小气泡风感洞洞速干T,KQ26059,B级,https://detail.tmall.com/item.htm?id=1025833716044&spm=a21dvs.23580594.0.0.53ea645eLnp0zy,"短袖：29.9
背心：29.9
短袖套装：59.9
背心套装：59.9",热狗,运营一组,童装/婴儿装/亲子装>T恤>T恤,童装/婴儿装/亲子装,T恤,T恤,image.png,速干衣裤,,,同意,,,儿童速干T恤,
2026,2026/03/10,1028203899683,小气泡风感洞洞速干短裤,KQ26027,B级,https://detail.tmall.com/item.htm?id=1028203899683&spm=a21dvs.23580594.0.0.506c645enhvgR2,39.9,热狗,运营一组,童装/婴儿装/亲子装>裤子>裤子,童装/婴儿装/亲子装,裤子,裤子,image.png,速干衣裤,,,同意,,,,
2026,2026/01/05,1010690024670,小风窗速干裤,KQ26016,B级,https://detail.tmall.com/item.htm?id=1010690024670&spm=a21dvs.23580594.0.0.6e8a645e8AsEaC,49.9,热狗,运营一组,童装/婴儿装/亲子装>裤子>裤子,童装/婴儿装/亲子装,裤子,裤子,image.png,速干衣裤,,,同意,,,,
2026,2026/02/24,1025331096778,滑溜溜冰奶皮速干长裤,KQ26026,B级,https://detail.tmall.com/item.htm?id=1025331096778&spm=a21dvs.23580594.0.0.53ea645egfzRbq,65.9,曲奇,运营三组,童装/婴儿装/亲子装>裤子>裤子,童装/婴儿装/亲子装,裤子,裤子,image.png,速干衣裤,,,不同意,,,,
2026,2026/01/09,1010097331343,小骑兵速干假两件长裤,KQ26024,B级,https://detail.tmall.com/item.htm?id=1010097331343&spm=a21dvs.23580594.0.0.6e8a645esaXdQb,49.9,栗子,运营二组,童装/婴儿装/亲子装>裤子>裤子,童装/婴儿装/亲子装,裤子,裤子,image.png,速干衣裤,,,不同意,,,,
2026,2026/02/28,1026172661141,棉朵棉感速干背心,KQ26028,清仓,https://detail.tmall.com/item.htm?id=1026172661141&spm=a21dvs.23580594.0.0.53ea645esbjlZW,"背心：39.9
速干T：45.9",虾滑,运营二组,童装/婴儿装/亲子装>T恤>T恤,童装/婴儿装/亲子装,T恤,T恤,image.png,速干衣裤,,,同意,,,儿童速干T恤,
2026,2026/01/13,1012980165719,小透气风感洞洞速干裤,KQ26023,B级,https://detail.tmall.com/item.htm?id=1012980165719&spm=a21dvs.23580594.0.0.6e8a4b51ZlBoc5,59.9,虾滑,运营二组,童装/婴儿装/亲子装>裤子>裤子,童装/婴儿装/亲子装,裤子,裤子,image.png,速干衣裤,,,同意,,,,
2025,2026/01/13,1012980165719,【专供】华夫饼空气裤,KQ25015,A级,https://detail.tmall.com/item.htm?id=896992772152&sku_properties=1627207%3A1694409619&spm=a211lz.success.0.0.779c2b90qbhg3G,69.9,虾滑,运营二组,童装/婴儿装/亲子装>裤子>裤子,童装/婴儿装/亲子装,裤子,裤子,image.png,速干衣裤,,,同意,,,,
2026,2026/01/13,1012980165719,【专供】宣纸空气速干裤,KQ26114,B级,https://detail.tmall.com/item.htm?id=1026128736103&spm=a21dvs.23580594.0.0.53ea645eOcdSTF,79.9,虾滑,运营二组,童装/婴儿装/亲子装>裤子>裤子,童装/婴儿装/亲子装,裤子,裤子,image.png,速干衣裤,,,同意,,,,
2026,2026/02/26,1025278365396,滑溜溜冰奶皮速干T（主）,KQ26030,B级,https://detail.tmall.com/item.htm?id=1025278365396&spm=a21dvs.23580594.0.0.53ea645eOcdSTF,39.9,蛤蜊,运营三组,童装/婴儿装/亲子装>T恤>T恤,童装/婴儿装/亲子装,T恤,T恤,image.png,速干衣裤,,,不同意,,,儿童速干T恤,
2026,2026/05/19,1051026743969,滑溜溜冰奶皮速干T（副）,KQ26030,B级,https://detail.tmall.com/item.htm?id=1051026743969&spm=a21dvs.23580594.0.0.52b14b51eJ3fwj,39.9,蛤蜊,运营三组,童装/婴儿装/亲子装>儿童户外服>儿童速干T恤,童装/婴儿装/亲子装,儿童户外服,儿童速干T恤,image.png,速干衣裤,,,不同意,,,,
2026,2026/04/13,1042216954682,显眼包速干沙滩裤,KQ26038,B级,https://detail.tmall.com/item.htm?id=1042216954682&spm=a211lz.success.0.0.161e2b90dJYU4m,39.9,蛤蜊,运营三组,童装/婴儿装/亲子装>裤子>裤子,童装/婴儿装/亲子装,裤子,裤子,image.png,速干衣裤,,,不同意,,,,
2026,2026/03/13,1029693703862,小闪电冰奶皮速干套装,KQ26048,清仓,https://detail.tmall.com/item.htm?id=1029693703862&spm=a21dvs.23580594.0.0.4ead645efBI0tV,"背心：59.9
短袖：65.9",曲奇,运营三组,童装/婴儿装/亲子装>套装>套装,童装/婴儿装/亲子装,套装,套装,image.png,速干衣裤,,,同意,,,,
2026,2026/03/02,1025222715551,小萌兜暴汗爽爽拼色网球裙,KQ26036,清仓,https://detail.tmall.com/item.htm?id=1025222715551&spm=a21dvs.23580594.0.0.565130fcP1IDov,45.9,曲奇,运营三组,童装/婴儿装/亲子装>裙子(新)>连衣裙,童装/婴儿装/亲子装,裙子(新),连衣裙,image.png,速干衣裤,,,同意,,,,
2026,2026/01/07,1009865786415,小气泡风感洞洞速干长裤,KQ26015,清仓,https://detail.tmall.com/item.htm?id=1009865786415&spm=a21dvs.23580594.0.0.6e8a645emew8WY,45.9,栗子,运营二组,童装/婴儿装/亲子装>裤子>裤子,童装/婴儿装/亲子装,裤子,裤子,image.png,速干衣裤,,,同意,,,,
2026,2026/03/13,1032076384686,蝉羽冰皮小轻翼短裤,KQ26035,清仓,https://detail.tmall.com/item.htm?id=1032076384686&spm=a21dvs.23580594.0.0.37ca645e4Moyph,39.9,虾滑,运营二组,童装/婴儿装/亲子装>裤子>裤子,童装/婴儿装/亲子装,裤子,裤子,image.png,速干衣裤,,,同意,,,,
2026,2026/03/03,1027968776704,小轻氧暴汗爽爽Polo裙,KQ26063,清仓,https://detail.tmall.com/item.htm?id=1027968776704&spm=a21dvs.23580594.0.0.53ea645e4we8w1,59.9,虾滑,运营二组,童装/婴儿装/亲子装>裙子(新)>连衣裙,童装/婴儿装/亲子装,裙子(新),连衣裙,image.png,速干衣裤,,,同意,,,,
2026,2026/04/22,1045408662751," 小浪花嬉水裤",KQ26068,B级,https://detail.tmall.com/item.htm?id=1045408662751&spm=a21dvs.23580594.0.0.3bb130fcEV2tYn,39.9,桃酥,运营三组,童装/婴儿装/亲子装>裤子>裤子,童装/婴儿装/亲子装,裤子,裤子,image.png,速干衣裤,,,不同意,,,,
2026,2026/03/06,1027533226637,小轻风暴汗爽爽POLO衫,KQ26031,清仓,https://detail.tmall.com/item.htm?id=1027533226637&spm=a21dvs.23580594.0.0.5b5f30fcHGFCUM,39.9,桃酥,运营三组,童装/婴儿装/亲子装>T恤>T恤,童装/婴儿装/亲子装,T恤,T恤,image.png,速干衣裤,,,同意,,,儿童速干T恤,
2026,2026/02/25,1025717456515,夜光侠速干t,KQ26109,B级,https://detail.tmall.com/item.htm?id=1025717456515&spm=a21dvs.23580594.0.0.53ea4b51fioLe7,39.9,栗子,运营二组,童装/婴儿装/亲子装>T恤>T恤,童装/婴儿装/亲子装,T恤,T恤,image.png,速干衣裤,,,同意,,,儿童速干T恤,
2026,2026/04/30,1047308766370,夜光侠速干t（成人）,KQ26109,B级,https://detail.tmall.com/item.htm?abbucket=12&id=1047308766370&pisk=glLn2ggY5HSQQjwZo87IXSqtmtm9dw_5nLUReaBrbOW1J9HCJ_SyHKjzyBnIZbXMF9Id89UlrQvWeg8ReUVBSK48JviBazbRzxHxkqdB9a_rHEwKDJwCMsfryT7y_w18CsXcSqdBOTN3UjKZk4meDpDU4TJP7O5Rwa5Fz6PZs_fcUaWF4RRNaOWPzLzy_55lG85PzalG7_14Ly7zzRrNi_wFUL7rsCW1aa5eUalM_O1riWUPnU867xyaq-hhKt8GtMX2smazrHaAYtRPQzk2J6Df3BWgzzB41wT2sBH3lCQBPKfvpVzHnIT6I1JqrAbWC3JPZdubewtvdEsMpmkW6wfl0aSgazRG-hs2JZu4I1tw938BK74POeLAqtsiazsR7EI20pVSGC7FaLsXyxaCLQRXlnQmWk72s3JDqg5YbooaOz1ZwFr7VM51stLnrYB2YJQCYfcgcDsF16Hxsfq7VM51sthisowCY11KH&rn=b56d5bc4afc26862d8221119efd49011&spm=a1z10.3-b-s.w4011-14899565465.102.5932367c6OdS2D,39.9,栗子,运营二组,童装/婴儿装/亲子装>儿童户外服>儿童速干T恤,童装/婴儿装/亲子装,儿童户外服,儿童速干T恤,image.png,速干衣裤,,,同意,,,,
2026,2026/02/28,1024651971299,小奶萌防晒冰袖,KQ26058,A级,https://detail.tmall.com/item.htm?id=1024651971299&spm=a21dvs.23580594.0.0.53ea4b51vUuiR7,19.9,桃酥,运营三组,童装/婴儿装/亲子装>帽子/围巾/口罩/手套/耳套/脚套>袖套/儿童冰袖,童装/婴儿装/亲子装,帽子/围巾/口罩/手套/耳套/脚套,袖套/儿童冰袖,image.png,冰袖,,,不同意,,,,
2026,2026/02/25,1023423723437,热带漫游防晒冰袖,KQ26076,B级,https://detail.tmall.com/item.htm?id=1023423723437&spm=a21dvs.23580594.0.0.37ca645eOynAJF,19.9,洋葱,运营一组,童装/婴儿装/亲子装>帽子/围巾/口罩/手套/耳套/脚套>袖套/儿童冰袖,童装/婴儿装/亲子装,帽子/围巾/口罩/手套/耳套/脚套,袖套/儿童冰袖,image.png,冰袖,,,同意,,,,
2026,2026/03/02,1025230107591,小云檐防晒冰袖,KQ26077,B级,https://detail.tmall.com/item.htm?id=1025230107591&spm=a21dvs.23580594.0.0.53ea645egRUqxP,29.9,栗子,运营二组,童装/婴儿装/亲子装>帽子/围巾/口罩/手套/耳套/脚套>袖套/儿童冰袖,童装/婴儿装/亲子装,帽子/围巾/口罩/手套/耳套/脚套,袖套/儿童冰袖,image.png,冰袖,,,不同意,,,,
2026,2026/02/24,1024555281320,小猫瞳感光果冻镜,KQ26051,B级,https://detail.tmall.com/item.htm?id=1024555281320&spm=a21dvs.23580594.0.0.37ca645e60MEu1,39.9,墨鱼,运营一组,童装/婴儿装/亲子装>儿童配饰>太阳镜,童装/婴儿装/亲子装,儿童配饰,太阳镜,image.png,太阳镜,,,同意,,,,
2026,2026/02/26,1024468058807,小猫瞳感光软软镜,KQ26078,B级,https://detail.tmall.com/item.htm?id=1024468058807&spm=a21dvs.23580594.0.0.53ea4b51a8Lozw&sku_properties=122216343%3A42676442874,39.9,洋葱,运营一组,童装/婴儿装/亲子装>儿童配饰>太阳镜,童装/婴儿装/亲子装,儿童配饰,太阳镜,image.png,太阳镜,,,同意,,,,
2026,2026/02/27,1024203115755,小灵眸夹片太阳镜,KQ26056,B级,https://detail.tmall.com/item.htm?id=1024203115755&spm=a21dvs.23580594.0.0.53ea4b51a8Lozw,"儿童：49.9
成人：59.9",热狗,运营一组,童装/婴儿装/亲子装>儿童配饰>太阳镜,童装/婴儿装/亲子装,儿童配饰,太阳镜,image.png,太阳镜,,,不同意,,,,
2026,2026/05/06,1048392038809,小灵眸夹片太阳镜（成人）,KQ26056,B级,https://detail.tmall.com/item.htm?id=1048392038809,59.9,热狗,运营一组,ZIPPO/瑞士军刀/眼镜>太阳眼镜>太阳眼镜,ZIPPO/瑞士军刀/眼镜,太阳眼镜,太阳眼镜,image.png,太阳镜,,,不同意,,,,
2026,2026/02/27,1025685777636,动物派对卡通太阳镜,KQ26084,B级,https://detail.tmall.com/item.htm?id=1025685777636&spm=a21dvs.23580594.0.0.53ea4b51wdOXGw,39.9,热狗,运营一组,童装/婴儿装/亲子装>儿童配饰>太阳镜,童装/婴儿装/亲子装,儿童配饰,太阳镜,image.png,太阳镜,,,同意,,,,
2026,2026/02/28,1026178921971,光速少年骑行镜,KQ26053,B级,https://detail.tmall.com/item.htm?id=1026178921971&spm=a21dvs.23580594.0.0.53ea4b51vUuiR7&sku_properties=122216343%3A42694748333,69.9,曲奇,运营三组,童装/婴儿装/亲子装>儿童配饰>太阳镜,童装/婴儿装/亲子装,儿童配饰,太阳镜,image.png,太阳镜,,,不同意,,,,
2026,2026/02/27,1026630756767,小猫瞳感光轻轻镜,KQ26054,清仓,https://detail.tmall.com/item.htm?id=1026630756767&spm=a21dvs.23580594.0.0.53ea4b51a8Lozw&sku_properties=122216343%3A40925403751,45.9,曲奇,运营三组,童装/婴儿装/亲子装>儿童配饰>太阳镜,童装/婴儿装/亲子装,儿童配饰,太阳镜,image.png,太阳镜,,,同意,,,,
2026,2026/02/27,1024854942587,小萌瞳一体太阳镜,KQ26050,B级,https://detail.tmall.com/item.htm?id=1024854942587&spm=a21dvs.23580594.0.0.3f062c1by74eWL,39.9,栗子,运营二组,童装/婴儿装/亲子装>儿童配饰>太阳镜,童装/婴儿装/亲子装,儿童配饰,太阳镜,image.png,太阳镜,,,同意,,,,
2026,2026/02/27,1025769965316,玩酷亲子发箍镜,KQ26057,B级,https://detail.tmall.com/item.htm?id=1025769965316&spm=a21dvs.23580594.0.0.53ea645ercpgHl&sku_properties=1627207%3A1918921779,"儿童：59.9
成人：69.9",虾滑,运营二组,童装/婴儿装/亲子装>儿童配饰>太阳镜,童装/婴儿装/亲子装,儿童配饰,太阳镜,image.png,太阳镜,,,同意,,,,
2026,2026/04/30,1047280738899,玩酷亲子发箍镜（成人）,KQ26057,清仓,https://detail.tmall.com/item.htm?abbucket=12&id=1047280738899&pisk=g8xq2EaXYmnV3_GHLpjZzz67LOsA5GlBoh11IdvGhsfDGi1w_pp6lE9G1hSwwQbMci9Xa1AB_OtXfd2NIQscWE11G1SwBBkSODiBHKIOSXGIAXcGkMjLiPq01TXlIGWcNwSe6KIOjfy7j2ieHIw4kiicITDPCOBcICbDEuXAZO4cjCflr9XgmGjMsYylBtXgilbMELfRQ1qgmN2kE9XTs540oYJlwOjGsCbmULfRIGfiiIpDIuWCoxozoUZjJ__VtKfzYLKPnTavh_zg738PP6mCalqM4tpg1ItzYV1HJs_C1Qm70GJlQI1WtDqPqw8pCORq0ojXrUKAc3GU1ZS5GwYGzxmDUi5V-T_zCrI2SIKNkEytpLjDweCdo4hRUntC76QzZjvWUsbe7IG8jsTeEQ7BV7ZCXQLMsORuggkQ6TD41hL4sP7ceT5IUYrdMnPkURnxLPUOrMBPOx6bWPQceT5IUYzTWaXdU6Mfh&rn=b56d5bc4afc26862d8221119efd49011&spm=a1z10.3-b-s.w4011-14899565465.106.5932367c6OdS2D,69.9,虾滑,运营二组,ZIPPO/瑞士军刀/眼镜>太阳眼镜>太阳眼镜,ZIPPO/瑞士军刀/眼镜,太阳眼镜,太阳眼镜,image.png,太阳镜,,,同意,,,,
2026,2026/02/28,1024634435371,小Q冻折叠太阳镜,KQ26052,清仓,https://detail.tmall.com/item.htm?id=1024634435371&spm=a21dvs.23580594.0.0.53ea4b51vUuiR7&sku_properties=122216343%3A35744623845,59.9,桃酥,运营三组,童装/婴儿装/亲子装>儿童配饰>太阳镜,童装/婴儿装/亲子装,儿童配饰,太阳镜,image.png,太阳镜,,,同意,,,,
2026,2026/02/26,1024428122009,小博视折叠套镜,KQ26055,清仓,https://detail.tmall.com/item.htm?id=1024428122009&spm=a21dvs.23580594.0.0.53ea645eOcdSTF&sku_properties=122216343%3A29973066862,49.9,桃酥,运营三组,童装/婴儿装/亲子装>儿童配饰>太阳镜,童装/婴儿装/亲子装,儿童配饰,太阳镜,image.png,太阳镜,,,同意,,,,
2026,2026/04/08,1042304560145,小鱼鳞竞速泳裤,KQ26081,清仓,https://detail.tmall.com/item.htm?id=1042304560145&spm=a21dvs.23580594.0.0.3bc12c1bEyvl83,39.9,蛤蜊,运营三组,运动/瑜伽/健身/球迷用品>游泳>儿童泳衣/裤,运动/瑜伽/健身/球迷用品,游泳,儿童泳衣/裤,image.png,泳衣,,,同意,,,,
2026,2026/03/23,1033943595376,小艺术家分体/连体泳衣,KQ26083,A级,https://detail.tmall.com/item.htm?id=1033943595376&spm=a21dvs.23580594.0.0.53304b51mfpqCn,69.9,虾滑,运营二组,童装/婴儿装/亲子装>儿童泳装>泳衣裤,童装/婴儿装/亲子装,儿童泳装,泳衣裤,image.png,泳衣,,,不同意,,,儿童泳衣/裤,
2026,2026/03/21,1033167659157,小海豚竞速泳衣,KQ26096,B级,https://detail.tmall.com/item.htm?id=1033167659157&spm=a21dvs.23580594.0.0.5330645eKMVYHA,59.9,虾滑,运营二组,运动/瑜伽/健身/球迷用品>游泳>儿童泳衣/裤,运动/瑜伽/健身/球迷用品,游泳,儿童泳衣/裤,image.png,泳衣,,,同意,,,,
2026,2026/03/21,1033845782083,海屿拾光亲子防晒泳衣,KQ26094,B级,https://detail.tmall.com/item.htm?id=1033845782083&spm=a21dvs.23580594.0.0.5812645eEXpqZU,"女120-130，男120-170：79.9
女140-170：89.9",墨鱼,运营一组,童装/婴儿装/亲子装>儿童泳装>泳衣裤,童装/婴儿装/亲子装,儿童泳装,泳衣裤,image.png,泳衣,,,同意,,,儿童泳衣/裤,
2026,2026/04/28,1047711685784,海屿拾光亲子防晒泳衣（成人）,KQ26094,B级,https://detail.tmall.com/item.htm?id=1047711685784&skuId=6239093315736,紫&蓝：79.9   粉：89.9,墨鱼,运营一组,运动/瑜伽/健身/球迷用品>游泳>分体泳衣,运动/瑜伽/健身/球迷用品,游泳,分体泳衣,image.png,泳衣,,,同意,,,,
2026,2026/04/06,1041562508689,小萌侠分区防晒泳衣（主）,KQ26121,S级,https://detail.tmall.com/item.htm?abbucket=12&id=1041562508689&pisk=gYroqes9czuWg1OVjBo5kWS4rfbxe0iIsWKK9DhFujlj2bCS2vuU650ev8Q5K9c0Ob3-4bKnxJVQ92rK9kv7m5xp2__7LHmKY1COXGe7eDiF6nRy0iASBvMFvv-U30MpGAcimGe7FX9kTOUVXMcTNzfe8XPE0jkKQDkrYYJVnvDiTDlr8IyqLjlEYWlr3EkICX-EYvoVnvHeYYkrLq-qdY8eTUPU3tDIgXoEzWyVnvGqTbjJYfqUco5aEZwcEX7Flv0o_8lDj-ZmUMhOfbtUIokmrkyrixHYmY0o62AWJ9EzMJr8Vq_JPDwYSW4UONLjqJzr4Ae5qnmaUrEnHkBp-byYm2ZSoQ8rI0co7uucXOej8rqm2u5B5-emaVmYkZ1-J0Vu5fgPlsN3nbFUqqRlMXUTHuu0_sK0O24_pvVlq3PN45L27ZJWAxWL0eTIzxMm6Dde_2Uyw0gPntY1P4kje1BcneTIzxMm6tXD5QgrhYCO.&rn=5ab0459b55e3395af990deaa98cdc856&spm=a1z10.3-b-s.w4011-14899565465.111.731f367c0x6Ksu,"分体：75.9
连体：69.9",桃酥,运营三组,童装/婴儿装/亲子装>儿童泳装>泳衣裤,童装/婴儿装/亲子装,儿童泳装,泳衣裤,image.png,泳衣,,,不同意,,,儿童泳衣/裤,
2026,2026/05/22,1052572550643,小萌侠分区防晒泳衣（副）,KQ26121,A级,https://detail.tmall.com/item.htm?id=1052572550643&spm=a21dvs.23580594.0.0.1a79645eszh4k1,"分体：75.9
连体：69.9",桃酥,运营三组,运动/瑜伽/健身/球迷用品>游泳>儿童泳衣/裤,运动/瑜伽/健身/球迷用品,游泳,儿童泳衣/裤,image.png,泳衣,,,不同意,,,,
2026,2026/03/21,1034846965389,显眼包泳衣三件套,KQ26080,B级,https://detail.tmall.com/item.htm?id=1034846965389&spm=a21dvs.23580594.0.0.53304b51mfpqCn,99.9,洋葱,运营一组,童装/婴儿装/亲子装>儿童泳装>泳衣裤,童装/婴儿装/亲子装,儿童泳装,泳衣裤,image.png,泳衣,,,同意,,,儿童泳衣/裤,
2026,2026/03/21,1033141511304,防凉包泳衣,KQ26082,B级,https://detail.tmall.com/item.htm?id=1033141511304&spm=a21dvs.23580594.0.0.5812645eEXpqZU,"连体：39.9
分体：49.9
小斗篷：39.9
小斗篷+连体：69.9
小斗篷+分体：79.9",栗子,运营二组,童装/婴儿装/亲子装>儿童泳装>泳衣裤,童装/婴儿装/亲子装,儿童泳装,泳衣裤,image.png,泳衣,,,同意,,,儿童泳衣/裤,
2026,2026/03/30,1036949127063,海滨夏日泳衣三件套,KQ26088,A级,https://detail.tmall.com/item.htm?id=1036949127063&spm=a21dvs.23580594.0.0.53304b51UfmzsE,"109.9
女生款140-170：119.9",热狗,运营一组,童装/婴儿装/亲子装>儿童泳装>泳衣裤,童装/婴儿装/亲子装,儿童泳装,泳衣裤,image.png,泳衣,,,不同意,,,儿童泳衣/裤,
2026,2026/03/27,1036782694068,小海豹竞速泳衣,KQ26097,清仓,https://detail.tmall.com/item.htm?id=1036782694068&spm=a21dvs.23580594.0.0.53304b51UfmzsE,59.9,栗子,运营二组,童装/婴儿装/亲子装>儿童泳装>泳衣裤,童装/婴儿装/亲子装,儿童泳装,泳衣裤,image.png,泳衣,,,同意,,,儿童泳衣/裤,
2026,2026/03/25,1035678490481,小呼吸溯溪鞋,KQ26113,B级,https://detail.tmall.com/item.htm?id=1035678490481&spm=a21dvs.23580594.0.0.5330645eBHDYvQ,69.9,洋葱,运营一组,户外/登山/野营/旅行用品>户外鞋靴>沙滩鞋/凉鞋/拖鞋,户外/登山/野营/旅行用品,户外鞋靴,沙滩鞋/凉鞋/拖鞋,image.png,溯溪鞋,,,不同意,,,运动沙滩鞋/凉鞋,
2026,2026/03/30,1038570269654,显眼包溯溪鞋,KQ26111,清仓,https://detail.tmall.com/item.htm?id=1038570269654,59.9,曲奇,运营三组,户外/登山/野营/旅行用品>户外鞋靴>沙滩鞋/凉鞋/拖鞋,户外/登山/野营/旅行用品,户外鞋靴,沙滩鞋/凉鞋/拖鞋,image.png,溯溪鞋,,,同意,,,运动沙滩鞋/凉鞋,
2026,2026/03/20,1033288362406,小山岩洞洞鞋,KQ26117,S级,https://detail.tmall.com/item.htm?abbucket=16&id=1033288362406&pisk=g9Gs2W_nIGj1oAY9DG8FRxGwjKPfheRy5ZaxrqCNk5F9cmixxsz2SFDQkDobgSuvjmGbvqDwS--GlviiyRojoF4YDmnb0AJeaV0giSKzcQRrSmKi5bi_WlUpkzz1WeyTT-u29SKy4I6FJRxaMVR88eodpzqLW1eOMe6LuzVYkPFvRkUbroCtDSLBRrUl61UTX63LSPFYWSETvJUgW1BYHo3dpk4YMonYMeNLxrFYDmFximQ7ldZi5ECNEb-Oj70TAsCx6I2_Vy6VGsg0WRGxWkgE8Xa_CueXzr4S6Dux_f2HQOVm8YijHmvPK5gxB5UrSC1QwVHEGyl2utZt8XwmsJsOBzN_f8hTdQ8r--HIO5l9mT0ERle7TvJHb-PsfYquBpxnc2ZZDfwdfHrqU2lTd0KFOm2jEqzjfC1t2g85auNvyt_QEsaQ4eTCnt2Ua2YL6LAQERU35J8BRGH0By4Q4eTCnt2T-PZeRestn&rn=3818630d965aa59bc3bb11cbf6c993f8&spm=a1z10.3-b-s.w4011-14899565465.111.4d7a367cK3SlHT,"儿童：59.9
成人：69.9",曲奇,运营三组,户外/登山/野营/旅行用品>户外鞋靴>沙滩鞋/凉鞋/拖鞋,户外/登山/野营/旅行用品,户外鞋靴,沙滩鞋/凉鞋/拖鞋,image.png,溯溪鞋,,,不同意,,,运动沙滩鞋/凉鞋,
2026,2026/07/03,1061935987895,小山岩洞洞鞋（副）,KQ26117,S级,https://detail.tmall.com/item.htm?abbucket=16&id=1033288362406&pisk=g9Gs2W_nIGj1oAY9DG8FRxGwjKPfheRy5ZaxrqCNk5F9cmixxsz2SFDQkDobgSuvjmGbvqDwS--GlviiyRojoF4YDmnb0AJeaV0giSKzcQRrSmKi5bi_WlUpkzz1WeyTT-u29SKy4I6FJRxaMVR88eodpzqLW1eOMe6LuzVYkPFvRkUbroCtDSLBRrUl61UTX63LSPFYWSETvJUgW1BYHo3dpk4YMonYMeNLxrFYDmFximQ7ldZi5ECNEb-Oj70TAsCx6I2_Vy6VGsg0WRGxWkgE8Xa_CueXzr4S6Dux_f2HQOVm8YijHmvPK5gxB5UrSC1QwVHEGyl2utZt8XwmsJsOBzN_f8hTdQ8r--HIO5l9mT0ERle7TvJHb-PsfYquBpxnc2ZZDfwdfHrqU2lTd0KFOm2jEqzjfC1t2g85auNvyt_QEsaQ4eTCnt2Ua2YL6LAQERU35J8BRGH0By4Q4eTCnt2T-PZeRestn&rn=3818630d965aa59bc3bb11cbf6c993f8&spm=a1z10.3-b-s.w4011-14899565465.111.4d7a367cK3SlHT,"儿童：59.9
成人：69.9",曲奇,运营三组,童鞋/婴儿鞋/亲子鞋>凉鞋>凉鞋,童鞋/婴儿鞋/亲子鞋,凉鞋,凉鞋,image.png,溯溪鞋,,,,,,,
2026,2026/04/27,1046610394875,小山岩洞洞鞋（成人）,KQ26117,S级,https://detail.tmall.com/item.htm?id=1046610394875&spm=a21dvs.23580594.0.0.5a3f645eDZm7B9,69.9,曲奇,运营三组,户外/登山/野营/旅行用品>户外鞋靴>沙滩鞋/凉鞋/拖鞋,户外/登山/野营/旅行用品,户外鞋靴,沙滩鞋/凉鞋/拖鞋,image.png,溯溪鞋,,,不同意,,,运动沙滩鞋/凉鞋,
2026,2026/03/26,1037160921729,小探趣溯溪鞋,KQ26112,A级,https://detail.tmall.com/item.htm?id=1037160921729&spm=a21dvs.23580594.0.0.53304b51SmWjWT,69.9,栗子,运营二组,户外/登山/野营/旅行用品>户外鞋靴>沙滩鞋/凉鞋/拖鞋,户外/登山/野营/旅行用品,户外鞋靴,沙滩鞋/凉鞋/拖鞋,image.png,溯溪鞋,,,不同意,,,运动沙滩鞋/凉鞋,
2026,2026/03/20,1032573499204,小珊瑚撞色硅胶泳镜,KQ26108,清仓,https://detail.tmall.com/item.htm?id=1032573499204&spm=a21dvs.23580594.0.0.37ca645ehPiKIn,39.9,桃酥,运营三组,玩具/童车/益智/早教/游乐设备>游泳池/戏水玩具>泳镜,玩具/童车/益智/早教/游乐设备,游泳池/戏水玩具,泳镜,image.png,泳镜,,,同意,,,泳镜,
2026,2026/03/18,1033284513862,小海兔大框泳镜（主）,KQ26106,S级,https://detail.tmall.com/item.htm?id=1033284513862&spm=a21dvs.23580594.0.0.37ca645e1vmmVt,"29.9
组合：49.9",墨鱼,运营一组,玩具/童车/益智/早教/游乐设备>游泳池/戏水玩具>泳镜,玩具/童车/益智/早教/游乐设备,游泳池/戏水玩具,泳镜,image.png,泳镜,,,不同意,,,泳镜,
2026,2026/06/23,1060171554378,小海兔大框泳镜（副）,KQ26106,S级,https://detail.tmall.com/item.htm?id=1060171554378&spm=a21dvs.23580594.0.0.37ca645ecQEJGi,"29.9
组合：49.9",墨鱼,运营一组,运动/瑜伽/健身/球迷用品>游泳>泳镜,运动/瑜伽/健身/球迷用品,游泳,泳镜,image.png,泳镜,,,,,,泳镜,
2026,2026/04/06,1039808194728,几何艺术家泳包,KQ26105,B级,https://detail.tmall.com/item.htm?id=1039808194728&spm=a21dvs.23580594.0.0.1c99645eZuiqsv,69.9,栗子,运营二组,运动/瑜伽/健身/球迷用品>游泳>游泳专用包,运动/瑜伽/健身/球迷用品,游泳,游泳专用包,image.png,泳具-其他,,,不同意,,,,
2026,2026/03/23,1036400932509,悠游岛沙滩巾,KQ26098,A级,https://detail.tmall.com/item.htm?id=1036400932509&spm=a21dvs.23580594.0.0.53304b51mfpqCn&sku_properties=20509%3A28383,"59.9   
泳包组合：115.9",热狗,运营一组,运动/瑜伽/健身/球迷用品>游泳>游泳专用包,运动/瑜伽/健身/球迷用品,游泳,游泳专用包,image.png,泳具-其他,,,不同意,,,,
2026,2026/03/02,1027658380026,小松鼠大嘴包,KQ26085,B级,https://detail.tmall.com/item.htm?id=1027658380026&spm=a21dvs.23580594.0.0.53ea645eU1sIX1,89.9,洋葱,运营一组,箱包皮具/热销女包/男包>双肩背包>双肩背包,箱包皮具/热销女包/男包,双肩背包,双肩背包,image.png,户外包,,,不同意,,,,
2026,2026/03/03,1026269950122,小瓢虫口袋包,KQ26086,B级,https://detail.tmall.com/item.htm?abbucket=16&id=1026269950122&pisk=g9Gmq8AdNxyfj-jytGPXFFic73v-rSN_xcCTX5EwUur7MoKbMPyZvD2N6qpXSFqofoeYgoCgsVmsXRlTXfbjZDfOMn9j71VT_HKp9B3jk5Nwvi4zfesb8yW26oz4USaOVyq3ZB3jll_cbeHy9CXHDO-NQloaauzU-5z4_szyrP43b5r4Qguz7ura_cyaU7z3ur5ablRyrPUa7Oya7QRzJPz47RoZzU4_4lPa3cuyrPZzbjDF_kcZNb-HDlG9woemZr20Y4vC_1459-EEuu5wYbUDAku4q15aYhIYX40vm6g8Gfi3JmdPiD0IN04rYCxu10MZbPmyOGFjpmGQEmpef4F0SJPaEN5ZrSD7LjFeTg4SUqHZGmbG_rGx9RqQEF5_B7lLLvoc5egzgPo_dfKCGouZRXMLtQB4T4DZxAjrtTWFK8f_zFhPCOw4Pzqdd3xql3xadGLkr99b3zavvUYlCOw4PzqprUXCf-z7kHC..&rn=2a56502e9fc06b7147f801f1a0b19c79&spm=a1z10.3-b.w4011-14899565465.115.2980367c6UaFM8,39.9,热狗,运营一组,玩具/童车/益智/早教/游乐设备>儿童包/背包/箱包>斜挎包/拎包/腰包,玩具/童车/益智/早教/游乐设备,儿童包/背包/箱包,斜挎包/拎包/腰包,image.png,户外包,,,不同意,,,,
2026,2026/03/02,1025227835686,小瓢虫抽绳双肩包,KQ26064,清仓,https://detail.tmall.com/item.htm?abbucket=16&id=1025227835686&pisk=g7Kj2fwkoSVbMCDx6SkzOaB5WZs11YoEhR69KdE4BiIx1CO9ZlWZnxY5BQR1bGJtiCt1wdYqnNl0CUODpZR6IxXO6Cd1_EurYKvcjGhF1DoenBWlqhAbkNU-BO63XY7A4NJZ2GhETcazeZcVXK8pB-d8y9fRHoQA6YaRQ9SOBtItF_B1K1Ev6GHSFOWgH5EABzURL9IOHGQT2aB1K5EAHOe8y_XOXOdOXYsRZOIO6CItNj2CCq1DhA96RTfgDKpANlE9DcbfOzfPET-7bZCBHnZYDRXfl6pANj6ZUTbJINtgIl_HHeAGpIFxTZv9PQ6ff0zAvLT9OTxxYS6kuLdGwZygjBsX1wKAPREOmi1cVTKKQyfyVsR9caHUANSJYwIvz4cV7i6B6nAbCldpUp-crhGQw1YVKgBenmZ5vKBO4VqFOdLa58_3fT1EFYagSd-B3YSx-0_hkTXfzYM7MFbAET1EFYagSZBlh9kSFSLG.&rn=abcaf2e84ac7f60da8a1aa96ffd894b7&spm=a1z10.3-b.w4011-14899565465.118.44be367cvKLo5r,89.9,蛤蜊,运营三组,箱包皮具/热销女包/男包>双肩背包>双肩背包,箱包皮具/热销女包/男包,双肩背包,双肩背包,image.png,户外包,,,同意,,,,
2026,2026/02/24,1023625090938,小萌宠硅胶包,KQ26065,B级,https://detail.tmall.com/item.htm?id=1023625090938&spm=a21dvs.23580594.0.0.53ea645egfzRbq,45.9,虾滑,运营二组,玩具/童车/益智/早教/游乐设备>儿童包/背包/箱包>斜挎包/拎包/腰包,玩具/童车/益智/早教/游乐设备,儿童包/背包/箱包,斜挎包/拎包/腰包,image.png,户外包,,,同意,,,,
2026,2026/03/02,1027595760113,小瓢虫抽绳斜挎包,KQ26087,B级,https://detail.tmall.com/item.htm?id=1027595760113&spm=a21dvs.23580594.0.0.53ea645egRUqxP,39.9,桃酥,运营三组,玩具/童车/益智/早教/游乐设备>儿童包/背包/箱包>斜挎包/拎包/腰包,玩具/童车/益智/早教/游乐设备,儿童包/背包/箱包,斜挎包/拎包/腰包,image.png,户外包,,,同意,,,,
2026,2026/02/24,1023624414029,小飞碟折叠水杯,KQ26033,A级,https://detail.tmall.com/item.htm?id=1023624414029&spm=a21dvs.23580594.0.0.37ca645eOynAJF,"19.9
杯子*2：29.9
杯+碗：39.9",洋葱,运营一组,户外/登山/野营/旅行用品>露营/野炊装备>水杯,户外/登山/野营/旅行用品,露营/野炊装备,水杯,image.png,户外用具,,,同意,,,,
2026,2026/02/24,1022972383573,小飞碟折叠碗,KQ26034,B级,https://detail.tmall.com/item.htm?id=1022972383573&spm=a21dvs.23580594.0.0.37ca645eOynAJF,"29.9
碗*2:49.9
杯+碗：39.9",洋葱,运营一组,户外/登山/野营/旅行用品>露营/野炊装备>水杯,户外/登山/野营/旅行用品,露营/野炊装备,水杯,image.png,户外用具,,,同意,,,,
2026,2026/02/23,1022630207635,圆鼓鼓大肚水袋,KQ26066,B级,https://detail.tmall.com/item.htm?id=1022630207635&spm=a21dvs.23580594.0.0.53ea4b51fioLe7,"350ML：29.9;
500ML：35.9",曲奇,运营三组,餐饮具>杯子/水杯/水壶>保冷/保温杯,餐饮具,杯子/水杯/水壶,保冷/保温杯,image.png,户外用具,,,不同意,,,,
2026,2026/02/25,1025702024048,圆鼓鼓大肚水袋（萌宠版）,KQ26067,A级,https://detail.tmall.com/item.htm?id=1025702024048&spm=a21dvs.23580594.0.0.37ca645eOynAJF&sku_properties=20138%3A18774167580,"小：29.9
大：35.9",虾滑,运营二组,餐饮具>杯子/水杯/水壶>保冷/保温杯,餐饮具,杯子/水杯/水壶,保冷/保温杯,image.png,户外用具,,,不同意,,,,
2026,2026/03/16,1031444422345,小企鹅软壳杯,KQ26123,A级,https://detail.tmall.com/item.htm?id=1031444422345&spm=a21dvs.23580594.0.0.37ca645eyTzWoH,59.9,洋葱,运营一组,餐饮具>杯子/水杯/水壶>随手杯,餐饮具,杯子/水杯/水壶,随手杯,image.png,户外用具,5,,同意,,,,
2026,2026/04/01,1038497150093,魔法光变纹身贴玩具,KQ26075,B级,https://detail.tmall.com/item.htm?abbucket=12&id=1038497150093&pisk=gy2K4dANANbn0YW1kpfgE0JSWgjip1qeByrXE40HNPUTRPyn-4ckeL3TcXjUrzVtyPatRpjFTbg88V4kEk28_LE44JjEEMkUYYk5oZXmekrEUOIQHme-CViovTASOpMECF1okVBcnkr9xDs0ftVhm1xzFQ97PXgsC03sA4iIAGhsm0MWdb9QfVgZVYMSR4O6fmmkRQGSNGHs408WFB9ICdirVH9QPYs9CVoSFDaSFGEs70Gmva36A4v81pKncZbi4L97BDh1skg1doysv4uYAJppp3oK9qZI7wUa_Wh_4bey4Lh4ASzrcyTCoXr76PnKeOAIhlF7kcyCnenatlar5XxyUrHLyjwI639SLv3EBcwfqIugB247pfsDHbD_njMQs17nZvnYPJzp2Labjo2E_8Qv54Pn0Ai0Y9pthki54fy0HSl2oqnkOGI9aQlIbh3HuN1roVD-XqjdeQRr_GotoGI9aQlIbc3cvgdyafSN.&rn=d3f5d4d2e368b8fe9f56ff17ec3bb06d&skuId=6058040641173&spm=a1z10.3-b-s.w4011-14899565465.126.731f367cz9cimj,15.9,洋葱,运营一组,玩具/童车/益智/早教/游乐设备>早教/智能玩具>贴纸,玩具/童车/益智/早教/游乐设备,早教/智能玩具,贴纸,image.png,罩衣/其他,,,同意,,,,
2026,2026/04/07,1040098942230,小蘑菇安抚牙胶,KQ26107,B级,https://detail.tmall.com/item.htm?id=1040098942230&spm=a21dvs.23580594.0.0.51e3645ekZBALX&skuId=6225639351893,39.9,曲奇,运营三组,婴童洗护>婴童口腔>牙胶,婴童洗护,婴童口腔,牙胶,image.png,罩衣/其他,,,同意,,,,
2026,2026/04/14,1042573182221,小沐风溯溪鞋,KKQ26002,清仓,https://detail.tmall.com/item.htm?id=1042573182221&sku_properties=1627207%3A806848636&spm=a21dvs.23580594.0.0.51e3645el4skYK,159,栗子,运营二组,户外/登山/野营/旅行用品>户外鞋靴>沙滩鞋/凉鞋/拖鞋,户外/登山/野营/旅行用品,户外鞋靴,沙滩鞋/凉鞋/拖鞋,image.png,溯溪鞋,,,同意,,,运动沙滩鞋/凉鞋,
2025,2025/02/27,893580556262,小蛋卷防晒披风帽,KQ25045,S级,https://detail.tmall.com/item.htm?id=893580556262&sku_properties=20017%3A9204680829&spm=a21dvs.23580594.0.0.621e2c1bIo614D,45.9,热狗,运营一组,童装/婴儿装/亲子装>帽子/围巾/口罩/手套/耳套/脚套>帽子,童装/婴儿装/亲子装,帽子/围巾/口罩/手套/耳套/脚套,帽子,image.png,其他防晒帽,,,不同意,,,,
2026,2025/02/27,893580556262,小蛋卷呼吸防晒帽,KQ26092,S级,https://detail.tmall.com/item.htm?id=893580556262&sku_properties=20017%3A9204680829&spm=a21dvs.23580594.0.0.621e2c1bIo614D,49.9,热狗,运营一组,童装/婴儿装/亲子装>帽子/围巾/口罩/手套/耳套/脚套>帽子,童装/婴儿装/亲子装,帽子/围巾/口罩/手套/耳套/脚套,帽子,image.png,其他防晒帽,,,不同意,,,,
2026,2026/04/21,1046080433480,小激流溯溪鞋,KKQ26005,B级,https://detail.tmall.com/item.htm?id=1046080433480&spm=a21dvs.23580594.0.0.5a3f645eDZm7B9,149,墨鱼,运营一组,户外/登山/野营/旅行用品>户外鞋靴>沙滩鞋/凉鞋/拖鞋,户外/登山/野营/旅行用品,户外鞋靴,沙滩鞋/凉鞋/拖鞋,image.png,溯溪鞋,,,同意,,,运动沙滩鞋/凉鞋,
2026,2026/04/27,1045798055582,小风巢网眼户外运动鞋,KKQ26004,清仓,https://detail.tmall.com/item.htm?id=1045798055582&spm=a21dvs.23580594.0.0.5a3f4b51f7QwiE,149,虾滑,运营二组,童鞋/婴儿鞋/亲子鞋>运动鞋>运动鞋,童鞋/婴儿鞋/亲子鞋,运动鞋,运动鞋,image.png,童鞋,,,同意,,,,
2026,2026/04/27,1047532529415,小云步溯溪鞋,KKQ26003,清仓,https://detail.tmall.com/item.htm?id=1047532529415&spm=a21dvs.23580594.0.0.5a3f645eDZm7B9,159,桃酥,运营三组,户外/登山/野营/旅行用品>户外鞋靴>沙滩鞋/凉鞋/拖鞋,户外/登山/野营/旅行用品,户外鞋靴,沙滩鞋/凉鞋/拖鞋,image.png,溯溪鞋,,,同意,,,运动沙滩鞋/凉鞋,
2026,2026/04/28,1046811254437,小彩壳雨衣,KQ26128,A级,https://detail.tmall.com/item.htm?id=1046811254437&spm=a21dvs.23580594.0.0.5a3f4b51yg5Dg4,79.9,虾滑,运营二组,居家日用>伞/雨具/防雨/防潮>雨披/雨衣,居家日用,伞/雨具/防雨/防潮,雨披/雨衣,image.png,雨具,,,不同意,,,,
2026,2026/04/29,1047028046263,小彩壳雨靴,KQ26133,S级,https://detail.tmall.com/item.htm?id=1047028046263&spm=a21dvs.23580594.0.0.5a3f645eEOe5hc,59.9,虾滑,运营二组,童鞋/婴儿鞋/亲子鞋>儿童雨鞋>雨靴,童鞋/婴儿鞋/亲子鞋,儿童雨鞋,雨靴,image.png,雨具,,,不同意,,,,
2026,2026/04/29,1046977750939,小彩趣斗篷雨衣,KQ26125,A级,https://detail.tmall.com/item.htm?id=1046977750939,69.9,热狗,运营一组,居家日用>伞/雨具/防雨/防潮>雨披/雨衣,居家日用,伞/雨具/防雨/防潮,雨披/雨衣,image.png,雨具,,,不同意,,,,
2026,2026/04/29,1046229091830,小彩趣提手雨鞋,KQ26126,A级,https://detail.tmall.com/item.htm?id=1046229091830,65.9,热狗,运营一组,童鞋/婴儿鞋/亲子鞋>儿童雨鞋>雨靴,童鞋/婴儿鞋/亲子鞋,儿童雨鞋,雨靴,image.png,雨具,,,不同意,,,,
2026,2026/05/06,1048400790909,小风驰网眼户外运动鞋,KKQ26001,清仓,https://detail.tmall.com/item.htm?id=1048400790909&spm=a21dvs.23580594.0.0.67e7645eLpM7tm,149,曲奇,运营三组,童鞋/婴儿鞋/亲子鞋>运动鞋>运动鞋,童鞋/婴儿鞋/亲子鞋,运动鞋,运动鞋,image.png,童鞋,,,同意,,,,
2023,2023/03/20,708665993280,夏宠冰果乐空顶帽,KQ23007,清仓,https://detail.tmall.com/item.htm?id=708665993280&spm=a21dvs.23580594.0.0.3bc12c1bRUdDLa&sku_properties=20017%3A9921492%3B20509%3A1356945011,29.9,栗子,运营二组,童装/婴儿装/亲子装>帽子/围巾/口罩/手套/耳套/脚套>帽子,童装/婴儿装/亲子装,帽子/围巾/口罩/手套/耳套/脚套,帽子,image.png,其他防晒帽,,,同意,,,,
2024,2024/04/15,784284283235,潮汐全能沙滩鞋,KQ24058,清仓,https://detail.tmall.com/item.htm?abbucket=11&id=784284283235&pisk=g6JEcI2FCvHUepbdtd6z7or08RXdLTuXtL_5q3xlAwbHR9_yznKWOBtlPLWyWFfkd9tB7aYXzg9BF3qPqF6hwB_5RaWy2EoslxMXvHBRIqgjhrKxCJXYZ7j3P1bGATSh5sW2yHBRE4r_EjM2vedHHHFlqGmNVgIurUfHjRjASgVhEUbGsijuKTYkrObGvgq3EWb3I1bODz2lZ8jGsMIRqJjHrOmNVNblE6YkjbKWx32Nc6m8PbFL5yqN9Zxh7824DMfHCxQTEypGYh7kx7euEdSFTLztwLpfOQxAMptrURBB0CXG4Ln0aa52Zp6MKVDc6_vMSGYIV7Iwa3vAp6Z8eEWezsvh_u2DvTbdQGvmVSQ6QwTkL1mb3_6MhsXH1f3CN9S2rpLU48YDfn9d6Lu4SadCDOjyemVPz_jyXzIic0pJTzVPtGINlcoNGM2kzvz6K8V8w1XAbZiCA7FRtGe7TLiLw7CCmG7jAif..&rn=eaad27fcf23d3950802d701399ee906d&spm=a1z10.3-b-s.w4011-2629836412.103.da94367cslrYwP,39.9,热狗,运营一组,户外/登山/野营/旅行用品>户外鞋靴>沙滩鞋/凉鞋/拖鞋,户外/登山/野营/旅行用品,户外鞋靴,沙滩鞋/凉鞋/拖鞋,image.png,溯溪鞋,,,同意,,,运动沙滩鞋/凉鞋,
2024,2024/03/15,774255090098,点点派对冰皮衣,KQ24037,清仓,https://detail.tmall.com/item.htm?abbucket=11&id=774255090098&pisk=gwEEc0xEfMIEeylK-liy_KJDThmKX05b-uGSE82odXc3ODGza-e7RywoNuoz650uADwQ_bVbaYZQV8vrE5inyyGSObozeSW1GisbpJn-js1fcIeAfHmvZeYHNc0iE0kn1qo4wJn-q_J6qZs4pWU3DWToEAXZFYHkZ703IhDxsYYnq7ciSxDkx0VuZccipYvHqecHjVctHBxorvxgIvMoZpxuZRXZUfcoq2VuIbqaK8xZh2XJNaLp1pIi7j2n_3x2Hv0hIJ8W23F-K2ruCfksClkE8j0NdR9ax5wuAk3OSFo8CrPzrSf6RX4q35ub8s-UgWHuUYVFDKlgY8rZJP9vmRurTPqn7LxuLcholzPFTeh3R5uxIVvPDANjsJE37TdgKSGExA01mtyirPZKkk1MYm4YdDaui1TItrkl4Gd-It682yRkz2DtQj6NQqMHq7Se1kxkyU3iDAlfdvTJy2D9Ver5pUL-RxDZG9Mc.&rn=eaad27fcf23d3950802d701399ee906d&spm=a1z10.3-b-s.w4011-2629836412.107.da94367cslrYwP,59.9,洋葱,运营一组,童装/婴儿装/亲子装>儿童户外服>儿童皮肤衣/防晒衣,童装/婴儿装/亲子装,儿童户外服,儿童皮肤衣/防晒衣,image.png,防晒衣,,,同意,,,,
2024,2024/03/02,770927338383,星球轨迹亲子空顶帽,KQ24009,清仓,https://detail.tmall.com/item.htm?abbucket=11&id=770927338383&pisk=gvZZD2tZAGIwZ6GtSki2TLJk_HmtYm57SoGjn-2mCfcg1cG4g8eb5PwmGoo49W00fcw_TjV7gxZ_c-vqnWiikPGj1jo4H7WCNgs7BRnxx_15VQeRAhmiIj0DjtmnhYXIIDgzhSnxm_12Rn0O4mFMMuIXoeDn9x-innVmxJDSEmDmImXEtxk-ihV0i9onnAcDIjYitHDqtCAimF0HtxDvihxms9yn9xmmiS0GLJckhR2DYYgGHI_vWB9pf2cuIX-D4LHiShwwl3xoWA0amJGEdvZEQVlo8OwBLlVQnlZtJwYEDJazgrVlOFGgzYPEPP5yb7Ptn-k0_gprtly4YVUBe32Eufz3j2JDmRoKi4a4_18tsPNEyv0H3gHQNX2TjyWvtRVS_cDnRgXzKq4QX4E1thouyRi_o7fB5f4rngzvMvX5HoUwiEuipvl5L9uSInVVbBZMmELx-0HENOM6kE3ipnTacOLvkVMoLb6sE&rn=eaad27fcf23d3950802d701399ee906d&spm=a1z10.3-b-s.w4011-2629836412.111.da94367cslrYwP&sku_properties=20017%3A7319445049,29.9,桃酥,运营三组,童装/婴儿装/亲子装>帽子/围巾/口罩/手套/耳套/脚套>帽子,童装/婴儿装/亲子装,帽子/围巾/口罩/手套/耳套/脚套,帽子,image.png,其他防晒帽,,,同意,,,,
2024,2024/03/02,770926369423,卷卷空顶小草帽,KQ24008,清仓,https://detail.tmall.com/item.htm?abbucket=11&id=770926369423&pisk=gGNscW4ohhx1sdcvlAbeOLwRb4ljcw5P5EgYrrdwkfhOcoZYxIuVSN2IkkrjgjzAjoNjvr2NSxSMlJZgyArboN0xDoEj0RWFaP4iijIrG_5zSaR0CXqsBxdLJy0kHwktTxzV9jIP4s9eJAjZMo-c2D6pp4mKWCHvMwGKo4OxMx3TJwgxuhnxXoQCRquDDmptD6nKzqlvXChA9v3SoKLtDxndRqmKDjhYDXQIob4ePq6sjP_aQ3er9Tj0-DOvMWgdm0a1VIuQ6VGmVPF6aQ7m5Ai8WDsSuEbZprDbiEAjhPeum4E9Xii0OyFTeuIeQceSlzybW1dK_54TexFRmKUZ_cGL68TvMyGsAxPjKhsI254LZXHFwaaLtlzgOr8AM2rrvPVtG_Qo1fntO2VVxCnbp-FZIjxOcmVQJ5ef4rOrV4SDheMkG2iPRw9Dnpt9VPh6GQriB20sLw_BX-Dt-2izgw9vQA3n-D_CRhEf.&rn=eaad27fcf23d3950802d701399ee906d&spm=a1z10.3-b-s.w4011-2629836412.115.da94367cslrYwP&sku_properties=20017%3A80659479%3B20509%3A404760716,29.9,桃酥,运营三组,童装/婴儿装/亲子装>帽子/围巾/口罩/手套/耳套/脚套>帽子,童装/婴儿装/亲子装,帽子/围巾/口罩/手套/耳套/脚套,帽子,image.png,其他防晒帽,,,同意,,,,
2024,2024/02/21,768685111490,尖峰之旅运动太阳镜,KQ24024,清仓,https://detail.tmall.com/item.htm?abbucket=11&id=768685111490&pisk=gYKjcfvh5SVjCssTCZDzVyTKg9S1CYoEhR69KdE4BiIx1CO9ZlWZnxY5BQR1bGJtiCt1wdYqnNl0CUODpZR6IxXO6Cd1_EurYKvcjGhFfDoenvrMlgAf6sn-BOWhBY7A4NJZ2GhETcazeZcVXCPi9Q38y9fRHoQTXYsRI9ZOXNBveY6OQSCOMCHSFOWg61UA60CRLOSTMOETy8BFCtBA6rp-FOf8XGI96gH5IbqTdOgfiKM2uWLF2bPJB_ZTX36-s69bElWWmtTGOKKb0okGhZ1pH_GCQRDVydb6jRq15KLHs9dYMf1MVLKvJBhzusLCCp86HmER0nvvJNKKsPpV0ssJDewTXLsfNN-1rSG59nvJxgQrvv9JqIJDVdytXTRFwKxAfDHhciCAVTxZZoC6yFKVoGVx11xWenL14sZFO9lg58_3fT1EFYagSzNYOKIbfkRckTXfzYM7MFbAET1ebYaTuZBlE_MSFSd1.&rn=eaad27fcf23d3950802d701399ee906d&spm=a1z10.3-b-s.w4011-2629836412.119.da94367cslrYwP,39.9,热狗,运营一组,童装/婴儿装/亲子装>儿童配饰>太阳镜,童装/婴儿装/亲子装,儿童配饰,太阳镜,image.png,太阳镜,,,同意,,,,
2024,2023/09/26,740681520165,超好rua瓜皮帽（副,KQ24114,清仓,https://detail.tmall.com/item.htm?spm=a1z10.3-b-s.w4011-2629836412.127.da94367cslrYwP&id=740681520165&rn=eaad27fcf23d3950802d701399ee906d&abbucket=11&pisk=g8Ljc6Ohf-2jDy_T1iczPktK367_fbuEG519tCU46ZQxCd99EP5Zijx56LJ17NRtndT1eCxqiGk0139D9iJ6sjfOBdp1Qnor8IAcSNHF52ueiXzMcavbWsC-6153kbSAzGRZyNHELVZzwiDVWdyip6m826XRMrITWb_Rs6aOWGCvwb1O_-BOHdhSN15gBOEAB4BRT17THOQT27CNO1BOD1U-N1XRBNQ9Bah5sbxTO1ifnIG20JKFyulJsTaTWU1-I9OjEPfJRs1PdILburlGGi6pMTMC_5cV2Cj6S541fIKHI6pYHA6MPQLvvpHz0tKC1B-6MqURuEAvvGLKIldVut_JkHNTWQ_fFG81q-M5pEAJ-aIrJXOJrKRDPCPtW_JFeIYA52hhlZBAP_YZErB62hLVmN2xCOYWwEK14IaFd6kgf7s35_6ENbZgjuwYdIQb5yJcD_ff4bG7HhjAZ_6e7bZT0iClZTGSN-p1.,35.9,虾滑,运营二组,童装/婴儿装/亲子装>帽子/围巾/口罩/手套/耳套/脚套>帽子,童装/婴儿装/亲子装,帽子/围巾/口罩/手套/耳套/脚套,帽子,image.png,秋冬帽,,,同意,,,,
2023,2023/09/19,739568868467,小彩泥雪顶手套,KQ23202,清仓,https://detail.tmall.com/item.htm?spm=a1z10.3-b-s.w4011-2629836412.131.da94367cslrYwP&id=739568868467&rn=eaad27fcf23d3950802d701399ee906d&abbucket=11&pisk=gyArDFNPGbhrxdSREI1U0Pzg4SfRe6o6EBsC-eYhPgjkV_seYFLBFLThAB5eDnXHN_TW0Mx6YwOWOe4F-n1lpLsCVM5eJhujffG6yUCdicis1lLtG7flrMVht2fcJN3frs6wRHCdtciUhWX-_6KuvCLbK-bcDwPl-WxhiEb1S6bhr60Vmw7Ox7xHxq5c-aj3rM2lmSbFmuVuEa20oaQ_xWb3Zq8cDN5hxHXouEck9UY3gN6oJkMLeowLkOSMriP3_PQlE2T8d7PyUaXytFIVlZOVzTSG34TbuQxX-QORHx2V9E9wYpxic8skQN-VCLoaah-R-e7H4fUNmQ8egTpbW5YVLgJDZtz3tU5AxO9e40yRqLtVBZX08fQXfiYJZKuLmUx14_bchf0wo9vXwOdSm75MBU1WKhmbFgvN-gJTvZ0sJBpzxJWlkZSsuqW1rWxEaoOutJedn1QVf4_7pJBlkWwyO4eLpT_GuGg5S,29.9,,,童装/婴儿装/亲子装>帽子/围巾/口罩/手套/耳套/脚套>手套,童装/婴儿装/亲子装,帽子/围巾/口罩/手套/耳套/脚套,手套,image.png,秋冬帽,,,同意,,,,
2023,2023/07/25,730882771267,英伦学院复古笔盒,"
KQ23128",清仓,https://detail.tmall.com/item.htm?spm=a1z10.3-b-s.w4011-2629836412.139.da94367cslrYwP&id=730882771267&rn=eaad27fcf23d3950802d701399ee906d&abbucket=11&pisk=gGrtcVazH6fGhGrtKR7HiZXK7F6HMw2wv5yWmjcMlWFL1Wrisj0DDnhLFVXaiS4KMWNK1hXN7qGY_XVDmRqY8nez3lXZmOoaQmofZ_juMRyZ0e1WQWrtdXM0dxTjhwmQBZQj9_jlqJQsQm2CZox24GDtEnij5fgBdXkxGFGbG2tI3XtshhijO9hEOAt6cmsIdAD25xNXfXwIQAMX1hgsReMSOjij1SwCpxcIGb0NMX9sinUkzgomkUWXYHrKBVhvmXtxkkxoobaSOn178AdrNRGpcnG1t_5zpRf94Jma27HusMtTw-wzl2EvO_h4vJZ_lJROd0eL-z0TJ1txtlcnzliJhGwKXf37AVJ9b7wLhz0LxTsrXcG_ocyDe12LX52av-vXRcngJ4EtVgRsiy28DxEVgMF8h8zjJodO4bru2WNkZbHD59BpuEusLd9YwAor_BBrpbXODE8q89kKZ9BplEOyqvhlLTT2u2WA.,19.9,热狗,运营一组,文具电教/文化用品/商务用品>日常学习用品>笔袋,文具电教/文化用品/商务用品,日常学习用品,笔袋,image.png,罩衣/其他,,,同意,,,,
2023,2023/07/21,730185150061,学生简约防水笔袋,KQ23052,清仓,https://detail.tmall.com/item.htm?abbucket=11&id=730185150061&pisk=g_3sDHGucOX1zE4AGlAFRgiJQ7zXcB8y1sNxZjQNMPU9hxMxKZP2sCmQMvkburlvIxgbpjmwsoJGGDMiwlkjiCVYHxHb3c-ezfcgorpzlU8rsQ7mfyD_M5BpMSPOWBrT8ol2JrpyUEsF9lvakxWD9lpdv72L6NEAkBaLi7_YkoFt9BNYgOeYBxdBOSPcH-ITHeeLaSzABRUYJ6FzGGeYkSUpOS2L6-HYkBaLKShom_NXfRc6_cW-4yBl9AeCkZ3Q9K2S1s709qN_48Gt5MIpi5Z_efeBFS5D_kh0cqfcloGtqxV-BOpbn2GKW0HJLGytVSGrcfLOJPui60ExyKjx_Py_JVn5MZhQ5JZqlkX6d83i944LYUdS92DZs2GVMEFEUJhiWrTJZPaTByNnupbThDnx7l4cBKwmRX3tcgzfz8Nyni1QqZNQUBOCmijCBTGT5Z_rIlF31kRBOOn0XWVQUqRCDGrTtW2BOB6th&rn=eaad27fcf23d3950802d701399ee906d&spm=a1z10.3-b-s.w4011-2629836412.143.da94367cslrYwP,19.9,热狗,运营一组,文具电教/文化用品/商务用品>日常学习用品>笔袋,文具电教/文化用品/商务用品,日常学习用品,笔袋,image.png,罩衣/其他,,,同意,,,,
2024,2019/04/17,592287163522,丛林之语登山帽,KQ24006,清仓,https://detail.tmall.com/item.htm?id=592287163522&spm=a21dvs.23580594.0.0.3bc12c1bRo1iRX&sku_properties=20017%3A692267627%3B20509%3A32624143529,25.9,曲奇,运营三组,童装/婴儿装/亲子装>帽子/围巾/口罩/手套/耳套/脚套>帽子,童装/婴儿装/亲子装,帽子/围巾/口罩/手套/耳套/脚套,帽子,image.png,其他防晒帽,,,同意,,,,
2023,2023/06/26,726272094242,呼吸运动一体帽,KQ23084,清仓,https://detail.tmall.com/item.htm?spm=a1z10.3-b-s.w4011-2629836412.163.da94367cslrYwP&id=726272094242&rn=eaad27fcf23d3950802d701399ee906d&abbucket=11&pisk=gQ0jchG3ftXjNcaO1oAPPMip3WzsBQ8eG1NttfQV6rUvCAMtENPwiIm76Yk_7Pl9nAg_efm2ilJc10Mm9okssIVTBAH_Qm-y8jc0SPpU5e8EiB7iczDfkoLJ65PFBQrYzllwyPpeLFsPwov4WAWM90tR2W28MZEOWQa8sW_TWlFxwQNT_teTHAdWN5PGBRIYBUe8T5zOHlFT2TF_6sQTXREJN528BPUtBzd7sbDhO5tbnjOq09nUy35jV8_OW4NJIJGXhwNq2Sagdj3fCOOgGowKM89Q_1A42fqsS1b_fjnnIWHAHdwiPb3xvvpP0-nQ1XosMEQ8uqcxvl3pIGh4u-a-kD1OWbabFlu_qt97pqc--zEyJBG-rxlmPf59W7kUej0Y5ed3lreYP70wEZes2c34mPXvCR0Swqn14I_UdWJGf_Zh57weNQsGjg6AdjUf5wk0D7Vb4QO5HcqYZ7wE7QsO0oFuZ8OWNtH1.,59.9,曲奇,运营三组,童装/婴儿装/亲子装>帽子/围巾/口罩/手套/耳套/脚套>帽子,童装/婴儿装/亲子装,帽子/围巾/口罩/手套/耳套/脚套,帽子,image.png,其他防晒帽,,,同意,,,,
2023,2023/05/15,718627753665,夏日梦想家防晒护颈帽,KQ23063,清仓,https://detail.tmall.com/item.htm?abbucket=11&id=718627753665&pisk=geXtDyfPDy4icOW9xGPnoSqp_fZhlWjZpNSSnEYiGwQd5wWMSEAmHxLdVCqNoZfpkw_p5Aqa_ITA7ebmnGXATxIP0OqwnlJNbKJbrz2lkGSw3XaSbwWvdMtyq-xsCE9wd2NDyeeuEGSKjhZlA8Xmx4RwjjMflCTBOh8BfEt6lkdBqn9jCIM1AeTeRKt65xsQd3-tCfOfl29Bb3xj5At6RXtJ2KTflKZdAe-vhEGlhrLIfEDAZbyynIF_N20hphd9kxYIHQBsEdY5JeMbPwttzUs6JxMX5y4zzMIgWYSHQTQJqN2IBaIf4sOdH2aJu9ICCssEWk9Rv6fk66UsHeXM-QW6emw1vdL9N9OZXA75vi1k99q7Udp65svNm0UGvOQGb9ImcX99I6dRBLwr5Efh2tKA3rydyisPGBBxWgSPETQCr4YJmfZLvjl21HosDaKwUFuL4HLuX-hqgBrevUqLvjGjzYxprkrSgjRUD&rn=eaad27fcf23d3950802d701399ee906d&spm=a1z10.3-b-s.w4011-2629836412.171.da94367cslrYwP&sku_properties=20017%3A24842270713%3B20509%3A24928976643,39.9,洋葱,运营一组,童装/婴儿装/亲子装>帽子/围巾/口罩/手套/耳套/脚套>帽子,童装/婴儿装/亲子装,帽子/围巾/口罩/手套/耳套/脚套,帽子,image.png,其他防晒帽,,,同意,,,,
2023,2023/05/12,718128381374,大艺术家儿童雨鞋套,KQ23082,清仓,https://detail.tmall.com/item.htm?abbucket=11&id=718128381374&pisk=g-0EDJbU5eLerbeLxVaPQs5cLN4LQzJjx4w7ZbcuOJ2ndywrUjhSADGuF4zrBAqoRyGIQ8DjU7gIPbfzZAa32Dw7d8zrwxR6hETj9XU8SK9Xlthv5w43t723rQ4gM7d_tPZqNYU8rK9PfaqpuzHheAhhqGVgB773ZaDuSfVbizVutzAaI7PYEwDoECzgZW2lt8j3INVzI9VhrkqGs7V3twb3EClgB74uEYqH_fculXcl7SZHwTtRvO_dhSwmtR7lusF3xZcNVijmlWqErDya15gaTky0bBG1_2DsZ2gLXhjayfiqU0DDCMwn0SkacDJV8xkLZbPoLEC4I2lr7kn1MZca4Joi-l5lrXzTEoirLpSLKDMaD5qGaEFshRcK-cRRIXDbLyVgfEAqsumsJo3BIwzmDXaIqxv1AJm4ZgSOe5AXw4nFEgr365yX_CrbtaDy8OghrgI8jrFahBNC2gE36asEPBIR2kN0_-OQi&rn=eaad27fcf23d3950802d701399ee906d&spm=a1z10.3-b-s.w4011-2629836412.175.da94367cslrYwP,19.9,热狗,运营一组,居家日用>伞/雨具/防雨/防潮>雨鞋/雨靴,居家日用,伞/雨具/防雨/防潮,雨鞋/雨靴,image.png,雨具,,,同意,,,,
2023,2023/04/26,714906406279,儿时涂鸦连体浮力泳衣,KQ23074,清仓,https://detail.tmall.com/item.htm?spm=a1z10.3-b-s.w4011-2629836412.179.da94367cslrYwP&id=714906406279&rn=eaad27fcf23d3950802d701399ee906d&abbucket=11&pisk=gi3rcI_zlULrWB28qqaF315GUZ489yJsq2wQtXc3N82oFzwELfhIV0G3d2zEHxqnPzGS3JDsLWgSRXfUtxauv0wQFJzE9ARXCFTswbULod965Oh9la4O-92hdrq06yPuhlzZpbUL-p5f-hTZwYnoH4I3tSA4OWFhKvqoiZVTnWju-v20m5VhryDnKr20wWfl-g2loo2Y67bhqyj0iWF_tTjoKjA46-23-uDnibctZXb41uAddHIRhwAbERcu3wbN67qk5jsCbGzYZuun0-PbGqPz4Rq2Nj1qrxGnP4EvmizKGckExAvfV8ma_xrs4d7rQYFnTWDyW1ymzXu42m1OSjrUUm0u06bnare3fDkyUgeoVxrTiofeWSM_nb3o0BBmZAwzrSqXSCl0xmg8X49czPmtNzinIKs7EcPh4OBLiCOKJ0WhYuVYgRO2glNl-v8Ph4bhvME0WSy6N7sdvuVARguBwMILV5V4CQNG.,59.9,虾滑,运营二组,童装/婴儿装/亲子装>儿童泳装>泳衣裤,童装/婴儿装/亲子装,儿童泳装,泳衣裤,image.png,泳衣,,,同意,,,儿童泳衣/裤,
2023,2023/04/26,714682017553,大艺术家野餐包,KQ23081,清仓,https://detail.tmall.com/item.htm?spm=a1z10.3-b-s.w4011-2629836412.183.da94367cslrYwP&id=714682017553&rn=eaad27fcf23d3950802d701399ee906d&abbucket=11&pisk=gEWicIN511Rs7Nap999_a5FzIhPpTd9XrZHvkKL4Te8BBFU6BnRVyaAqHGF_moYhlFd9QFHDnibfkIWvktm1KaDxBPN10xvv3zU8e8I_fK94y8wr1zg6q3gaHC84LdtxR3YkK8I1fEiiuuCUemmKU_mqgE72Le-DbK-w3h-UxnxkuK8wg2Se0eJ23C8ZYM-94ckwbIrn8nKrgqR23pue23Dw3K7VYkxX8hJ23bjo3UXVd9zLh5QX_EqRAhAMzG8NXG6U9BG1JeDoU9fHYUyJ-xkVKhjUcYUKESLPNFdJzwyKIKjemwARszDGoiS5gBXm7lQP8sb2A6amiUfVX_6B9mlNxtYMaORn4xIyCn72i6aoehvOtQXG1ogFbaLGadsxqPIHZ6AWYBom_dCR2tOPQR0WJQtc-QCgrAbP43hEaSathHrALjGX_HtHyGzBfo4EVAzLxkc71C-BXzE3xjGjPxkxOkqnZ2RwAhUN.,89.9,,,户外/登山/野营/旅行用品>露营/野炊装备>野餐包/户外餐具套装,户外/登山/野营/旅行用品,露营/野炊装备,野餐包/户外餐具套装,image.png,罩衣/其他,,,同意,,,,
2022,2023/04/24,714224536357,梭织短裤,X3271302045,清仓,https://detail.tmall.com/item.htm?spm=a1z10.3-b-s.w4011-2629836412.187.da94367cslrYwP&id=714224536357&rn=eaad27fcf23d3950802d701399ee906d&abbucket=11&pisk=gl1Ecmce1WFe89KpK1OrbqumYfApkQrfK_tWrabkRHxhABtP4ZQ5d9_kV_RPXGvlOB_Cb3jf4U1CNa0yrGOHe9tWA3RPyiz_cSNfJwdJsoZbGmQY1XAxqYYnVCcMyQ8HfKRV2wdJZuusZ-NVJMBhXbMkrF4wPULoqgvhSfYvjUDHZgxMIEYotQjlqCxMJU0nZvxnsdx9keckELYisUYjtvchqN4wyhxkZpjlSbcG-acwlp4-V8HKfJUkbnbHbbcqkev3INMSHxBM-p5lQh86518eLnvaRNgNtG_lO6pTIARR5tSPEiqsdHX2uGJfLolF0MLlzUjUMq-GTa5wpOgxiNJyYOfHQ4cl8CKkhTSUYvKhdGJvSd0zMFsXjwChQznG-itetFv_ir7MEO1pH6ZiTIXARB6lmlMBxt8l4hnJSraRw9ooUpY97naa7KTnZgPEf6coeYpMMF-bReM-epYtNv57JYHJdEYwcyTc.,49.9,洋葱,运营一组,童装/婴儿装/亲子装>裤子>裤子,童装/婴儿装/亲子装,裤子,裤子,image.png,普通童装,,,同意,,,,
2023,2023/04/24,714657114167,旷野艺术家黑胶方形天幕,KQ23087,清仓,https://detail.tmall.com/item.htm?spm=a1z10.3-b-s.w4011-2629836412.191.da94367cslrYwP&id=714657114167&rn=eaad27fcf23d3950802d701399ee906d&abbucket=11&pisk=gsetDJNzDwbiV8ytxl5HosjK_Csnc6qwpPrWnq0MGyUL5yyiSqcDHK3LVfjaorVKkyaK5djN_jgY724Dnl2YTKEz0RjZnGkabxkfraXuklrZ3B_Wbyyxdkij4tmsfcMZde1my2BlElrpjcsuAT2DxUWsjI9blfgIOcuIfqislMhIqmMXCj9_A2gERxis5KZCd0o9CCGbleMI40A65fGsAvi-4xgblxsLA2oxhqGogZ3BfqvYZQWrnjd1G3K8pchtkK0BHkywEx37x29fPPi9z4ZsJK9j5wbPzkEGWLrnQ8U-qPXBBzEb4SGLHe_-uJEQCSZeWMM8vWVo6WQ6H22i-bysen6_vA3tNJGwXdz7voNo9Jj5UAHs5SDam3QgvRUgbJEDcBMtIWh8BY6y5qV32-nY3ZWLyoZzGXevWgSzE8UQrU0-mCsdvIRq1D-6DznZUV8d4D3lXtd2gXSEv4jdvIOXzLmKrMSWgIlFD,199.9,,,户外/登山/野营/旅行用品>露营/野炊装备>天幕,户外/登山/野营/旅行用品,露营/野炊装备,天幕,image.png,罩衣/其他,,,同意,,,,
2023,2023/04/20,713708945648,立体卡通造型儿童硅胶泳帽,KQ23058,清仓,https://detail.tmall.com/item.htm?spm=a1z10.3-b-s.w4011-2629836412.195.da94367cslrYwP&id=713708945648&rn=eaad27fcf23d3950802d701399ee906d&abbucket=11&pisk=gjVtDywzkMjGa5Vt-PWHmtbKQd_HG94w9lzWimmMhkELfkPijmDDMInLPAbamo2KDkZKfCbNQxiYbDqDiPVYLIUzu5bZiNla7jlfqgfuDPzZgpsW7kPxOvgSPs0shmGZOH6m2DClZPzpSV_uR_VD-3WESKObcAiIdVoI5mgscwHIrqGX1xO_RDiEAjgsfIaCO4u91dMbcHGIl4oXcdiXOpgr5jibcj_LRDuxGmGoWinB5mAYEL5rixLyAUYu9VHtDImBMbFwZji7-DOfVlg940asvIOjfMjP4yUGXQzn_7E-rlfB6uUbz-MLMHs-0WUQ1-aeXwG8JJ2oBJI6MDVixYPswE1_JfntFWMwWCr7JrwopWb5afhsf-caoUIgJ5Eg7WUDlpGtsJH86b1yfm23yS3Ygi5L2razhvFvXg5zZ7EQq3m-od_dJKJqC286ku3Zac-dz2nlWsp23v7EJ0bdJK9X4Q0Kqw7W3KkFk,9.9,蛤蜊,运营三组,运动/瑜伽/健身/球迷用品>游泳>泳帽,运动/瑜伽/健身/球迷用品,游泳,泳帽,image.png,泳具-其他,,,同意,,,,
2023,2023/04/15,712907205342,海滨微风空顶帽,KQ23041,清仓,https://detail.tmall.com/item.htm?spm=a1z10.3-b-s.w4011-2629836412.199.da94367cslrYwP&id=712907205342&rn=eaad27fcf23d3950802d701399ee906d&abbucket=11&pisk=gpjsc6XklfcsE2xxhF2EA4_8_L-jHJrzCx9AEtnZHhKTGs1AtmJ4IRbBH65X0nWYsssX9tbaIEPihw1GeF5fnRvvMsCXgNzU4OXMmnFycurPI8oc5Hf6MKBLHKJsBJ89YEW4vnFzaogEpFVwDslcxDUKJLApBcLxDJtpnLivDEpOpJ9v3fdv6seQdKJmMI39MkdpUK-x6FLYv9pJ3I396ILLdKAKDnKAMHeBnbAnFKa6sOwN7bQyvYylDBixDM9LiQ6_s0vOrd_MNOIs1fwDCFORBBNW3x2wJtYfmxmXlOQliLCt6SOcA9IOy_FE7CQWhT7fBlnpbGXOyEI8iqBwbCtdXaMxD9t6OESX-fNBwGXdqHLU286dx1WGAtkYDp5y9Oj9cuekfhd9Apj4tcdfJZIwSncTGIjCpGQf4qiyNLPmlvTocpOzdJgmo2GtNOKsc05MWpv68JwI6ZY9KpOP0Jgx7FpHKBwQdfCf.,19.9,,,童装/婴儿装/亲子装>帽子/围巾/口罩/手套/耳套/脚套>帽子,童装/婴儿装/亲子装,帽子/围巾/口罩/手套/耳套/脚套,帽子,image.png,其他防晒帽,,,同意,,,,
20,2023/04/13,712262024596,泳衣任选,/,清仓,https://detail.tmall.com/item.htm?spm=a1z10.3-b-s.w4011-2629836412.203.da94367cslrYwP&id=712262024596&rn=eaad27fcf23d3950802d701399ee906d&abbucket=11&pisk=gKKocD06PU7W7BGAknsS743ZqTux3gsCsBEd9MCEus5f2_h5297e6CbUvL3SKvfDO_QR4_EhxpAB9w-d9H2WmCqL2bgWLkjdYfhtXcpSFMsE6ciaPfN5I9Zrvw7r0g6LGOfGmcpWF6wuTALqXJ2Ybo2U86RF0sWhUMWPYTWqn9XGTM5P8SJVLsSFYa5z3KWRQ8rPUwk0g9BdLy7FYZWVBT4FYMRe3xXCgTSFYbqzY1xecnlxA4dCzKrpQTbl_L5yeLtqSZUWOsVT1nYcL1oOikremTvqdlhYj2Cw5_QO_IoYqMvVKIb9rfqktpJ68Zx3aYdwgeAFhEG3-1YeeFtfkJzynHfl7370QkpNV9RF-EGgXTjJoNxkPvN2UCCk7g9LIbpcSEb13Zy3zgL9BH_w40V1MN6HiNLosuAN48U472G8Atkp0yaCzt6c6LlfFvc4Culxnx4sPaWfefHmnyaQ1krLlxD0SS7PhThP.,49.9,,,童装/婴儿装/亲子装>儿童泳装>泳衣裤,童装/婴儿装/亲子装,儿童泳装,泳衣裤,image.png,泳衣,,,同意,,,儿童泳衣/裤,
20,2023/04/11,711963628876,防晒帽任选,/,清仓,https://detail.tmall.com/item.htm?spm=a1z10.3-b-s.w4011-2629836412.207.da94367cslrYwP&id=711963628876&rn=eaad27fcf23d3950802d701399ee906d&abbucket=11&pisk=gVxsc69ll5V_PJjYhNDUAzT-_TSjkvorC-6vEKEaHGItGIOvtoWqIAYCHBRf0iJxsItf9KYZIZlgheOMeNRXnAXAMIdfgFuE4dvGmihPc0oyIYrD5MA_DtIKHt6fMv7OYZJqvihramaUpNcNDIPDx20LJTfdBlQYDvsdnTZADZB9pv6A35CA6IHIdtW0MsUOMDCdUtSY6NQtvyBAUtFYDlUKdtfdMiIvMMHCnbfUFtg1sdMw77LPvYyp06ZYDH6Ki_9_suX9lOscNdK_15McCN1JB6G53-DNJKbXm-qfldLkiTdT6j1DApK9yQhU71L5hL8XBcEdbhv9yZK-irpNb1spXUwYDps1OZ-f-5GCwhvpqMQE2Y9pxCJMAKyxD9RP9dxOc0HlfGCOA9xqtlCXJEKNSiVtGsxBphLf4qZPNTl0lJ_uc91rdva0oyNTNdI_cuRGW9X18vMQ6EbOK91y0vaY7NBhK6MId5df.,19.9,,,童装/婴儿装/亲子装>帽子/围巾/口罩/手套/耳套/脚套>帽子,童装/婴儿装/亲子装,帽子/围巾/口罩/手套/耳套/脚套,帽子,image.png,其他防晒帽,,,同意,,,,
2023,2023/03/29,709830100817,呼吸运动一体帽,KQ23084,清仓,https://detail.tmall.com/item.htm?spm=a1z10.3-b-s.w4011-2629836412.215.da94367cslrYwP&id=709830100817&rn=eaad27fcf23d3950802d701399ee906d&abbucket=11&pisk=gdoSc6MgR_f5gsZddzvVcNg9aRrBpK-wF9wKIvIPpuEJOXGKiMyeEL0bpjlQYkkpZXiQMv0yEyRldqGoBzlIKL2L9XhQT482bYDuxkdaAh-ZEdSnPoc7y7EYDx21eKz80ykeDkdw_H_VHzAzvX5hoVLAkRVYegUdvKZYKRsLvye-HKwLL_FLwXpXhJyh9WQ89nFYQJrdwkQRHSe3dWFdvzCvhJVY9kEK9opbKbS1CJT7ZY9rz13aD6fJwSjdvmw7kEk7MyaWL547AYNX6nmfjzNteSsp1a-MzWNmXI8jnfg-a-cBfIZtSjiQWkt5s8gxCoFzXF_bVxlofun6Ngy407ztJr9J2xZ7Nyn4W97uV2hoAz05KdDY2j0gszLDi-irbyNglsd-3xN852GyiMFr5xhb7m5Vbl3iGDaTXgzfb5wwtw6bSMwb_K9f-wbfw1M8VMsZZze0FrJXh_33y-2b_DJfJaz8n-VXhK1-O,29.9,曲奇,运营三组,童装/婴儿装/亲子装>帽子/围巾/口罩/手套/耳套/脚套>帽子,童装/婴儿装/亲子装,帽子/围巾/口罩/手套/耳套/脚套,帽子,image.png,其他防晒帽,,,同意,,,,
2023,,709057762771,沉曦双面儿童防晒空顶帽,KQ23016,清仓,https://detail.tmall.com/item.htm?spm=a1z10.3-b-s.w4011-2629836412.219.da94367cslrYwP&id=709057762771&rn=eaad27fcf23d3950802d701399ee906d&abbucket=11&pisk=govxcVOeX400japAqnluSfmRgSio5bx4eE-QINb01ULJlUJcoNfgBRQJAsm2SFARWUTRl-mqg1_9uaYgInv9aRKebKmVImW20OWs-2DHWn-VQ7gQ0UJAVzs2Vi_1cbXWDfh1y2DnK3hf0OxS-d2ZKesAxR61GZ17VaSO5S_65_w5bawff-61P0QPPiwbCOM5VijaGGT_h3M5bMUblG1_PzsGPN615FtS2Gb55bznWaZfSRd3TvWG65wN61JRDsQB2XyTC-I_-i-fZReOk6fYin_8CR9JNYc00ZGUqNWcunsv7vyVh1d6nT9jPA6BTUpOO9hi0st9wFWDFcNfRIYc_K58lSsdHZCBhsE3U356wLBDhVPeq3Qf9TAoaqfGHEdF8sGrzFKRoF9ANr3lSBxkh_LIr8LN6C9cFKgSpgzyKpLW-ybdjSi-25PNGgrbXeIVLZz-YgQnDAFa__oP2wm-25N_8JjR-0oQ_55rX,35.3,栗子,运营二组,童装/婴儿装/亲子装>帽子/围巾/口罩/手套/耳套/脚套>帽子,童装/婴儿装/亲子装,帽子/围巾/口罩/手套/耳套/脚套,帽子,image.png,罩衣/其他,,,同意,,,,
2023,2023/03/10,706975601874,缤纷夏日防晒冰袖,KQ23002,清仓,https://detail.tmall.com/item.htm?spm=a1z10.3-b-s.w4011-2629836412.223.da94367cslrYwP&id=706975601874&rn=eaad27fcf23d3950802d701399ee906d&abbucket=11&pisk=gSRjcSYhCoqb4u1T5t0zNJ9K0w56I4lElP_9-FF4WsCxfht9q57Zoqv5W3-1_18tmhO12FvqoOo05LtDJt-6SqbOXhK1bKkrTEYcs1nF1Xleo2PMh_xfW-F-WN7Tk4WAaO8Zw1nEYfwzytmV6hrgEgD8ewjRkSBT641RSwNO6OQvy4_O7oIODh3SPN7gXGeAXbIR8N5TD1QtwuQF8GQY6SQ-PNjRX1C9X_35SbkgRNMfmEg23kpFwboqmgVT6Q_feY8f26CS7t6XvEsSvjA7ttspkgNtA-ln3Gsk90kWrH9v0axsO01pK3O1p1GbxZ9JR_IV9vw5GU-DOsdIcS7PaiWpBTgxMU1fcOdPpPycGdKD1tvbS2YRM3vhxtHoqaO2TOshFunvzUsAddtqq5I2dUK5LQrzT6pHVC6d9gRbTM_EjRa5K5_5Y4g7IR27DkTAG5NemtQllTuSPopGHab5YCu7B-WArajSP4Zvf,33.7,,,童装/婴儿装/亲子装>帽子/围巾/口罩/手套/耳套/脚套>袖套/儿童冰袖,童装/婴儿装/亲子装,帽子/围巾/口罩/手套/耳套/脚套,袖套/儿童冰袖,image.png,冰袖,,,不同意,,,,
2023,2023/03/06,705814020931,畅玩童年雨衣系列,KQ23003,清仓,https://detail.tmall.com/item.htm?abbucket=11&id=705814020931&pisk=g93-cOmZ9Kvus838ib-cKHAY4gOm8ncPkYl1-J2lAxHxFxuuEJqhJwex1uArKvmYpxMYFaAy4kwKU-Dh-b0K0whZT4Az-QzrayzBIdYipblz8i91axuRGsNoG7s7Rn4jwHKQHdYMSjK7aycXI2beSgF8swaQV8ZfG-PLdgwIdo_bT-_7OaaQhIe4h7_5RyTbG7VFVWMCPj_baWQQdkaBl-N3hJaQRvGXMW2bdbSwp-17KwnGbFz3v1Ogfl0YwuesMh7dRnPCIPh7dwQLelqRqbwARwgxcExla8tNiJzuUbN-LF7zPknIrrgWheasbx3LfPKHauGKDvzolBs7C0DuY4rAFgNTy8EsPuCGujrIDqUoPpSZije7XrmD0Lq3yYnaQut23vhYEvg8cTp0KccmPoH6nZHUvDgul49XWgJESVHjIO2TtgOvMMSUVS559AFz78Wv_SeMweIFYoR4MRAvMMsCQNVYIIR1YMr29&rn=eaad27fcf23d3950802d701399ee906d&spm=a1z10.3-b-s.w4011-2629836412.227.da94367cslrYwP&sku_properties=1627207%3A23778310202,69.9,曲奇,运营三组,居家日用>伞/雨具/防雨/防潮>雨披/雨衣,居家日用,伞/雨具/防雨/防潮,雨披/雨衣,image.png,雨具,,,同意,,,,
2022,2023/02/28,705365631754,冲锋衣,X3171114106,清仓,https://detail.tmall.com/item.htm?spm=a1z10.3-b-s.w4011-2629836412.231.da94367cslrYwP&id=705365631754&rn=eaad27fcf23d3950802d701399ee906d&abbucket=11&pisk=g91xDEXFWuq0YnfvrZyojR4J3xalQ8bqwi7IshxmCgIRcg5Dmhvi6fKRRK4VjGXJXgsJcj443dtO03jisZfOUfQF7s42srRVuCR_xkVhXZ72_YZIug59NaTD55YX5dO2N0wMv3F3tZ7-oEahPWfirW02oAG1fKtWFE-WlhTXfzpW-FOsGdGfP3tyVCTXcf_7Ne8xGx91f0_W-FkshFtXN0THRCt1fCaRP3891hGz7lKSlhcOKvPesdE_FppFwEpvAaeE6fZD5DAhlEGt6npHHxbX2fG1wTNunq-bL4xwin7XkGPEgI9OCsA5GuN6O9SR6pOLIrJfWTIwi_ashH6cmd52emMXJIKvds9x-b7yCTCJisZZLabJcpdlE8rDIIIALHJbUuSOynj1MLiYqhXhrs9RAucRbdB1iQ1bVWIzU6fdVMmHvFDbyzHZQKTrlVIpuB-q2y8JxrFtQAJzzUK3yzHsCDlHyH4zRAkwUPC..,99,曲奇,运营三组,童装/婴儿装/亲子装>儿童户外服>儿童冲锋衣,童装/婴儿装/亲子装,儿童户外服,儿童冲锋衣,image.png,普通童装,,,同意,,,,
2023,2023/02/27,705010210371,K标拼色大檐护颈帽,KQ23000,清仓,https://detail.tmall.com/item.htm?spm=a1z10.3-b-s.w4011-2629836412.235.da94367cslrYwP&id=705010210371&rn=eaad27fcf23d3950802d701399ee906d&abbucket=11&pisk=gf_iDTZ5fG-1VtypvwT_4lEzSCrLOFTXEt3vHEp4YpJBWde6WI-VeTxqk1E_iSvhhdK97d3DosXfHn7vHZc1-T0xWRZ1gqYvu8e8yzC_1ET4ezarf8G6MIhZ7xKZ868vipdkref11E9q9xrRY1GcfcKigIJ4teR2Mx82bEueTpOxbKW2QHkeGIT2ut-wLXRXsqlwQC-UtQRqbK-wuH8eGIMw_t84t6JBgERN3ElrKqJluw_UprZOhh70VlO6jL5wK4fC8CkvKzTKum_es6Y1_mgquwAMjZDQcZ_JXi5WVNC0o2TOZM8eiZNrmKxl0NLF7JzyAn7FLBWTMmOhms7W5hhjlTYGn37wxjuP1EJ6-B7zM09d-dBVSHP-rnLFy38Nvkw9DFAl3N6iiqWP9_Q6AZ2oLKs9NeRcl7oDnnSy2DozcR3XTSQEcmtwOBvR_JO_iJlS7JF3t0Z6bBOTeWVncmMSuqnQtWmoLhRB6R5..,39.9,洋葱,运营一组,童装/婴儿装/亲子装>帽子/围巾/口罩/手套/耳套/脚套>帽子,童装/婴儿装/亲子装,帽子/围巾/口罩/手套/耳套/脚套,帽子,image.png,其他防晒帽,,,同意,,,,
20,2023/02/20,703170380374,防晒帽任选,/,清仓,https://detail.tmall.com/item.htm?spm=a1z10.3-b-s.w4011-2629836412.239.da94367cslrYwP&id=703170380374&rn=eaad27fcf23d3950802d701399ee906d&abbucket=11&pisk=gjUicfj7flosdAWKvyg14GIPSfSLAVgjE-LxHqHVYvkIWABsWjo4e8m2k5I1isD3hAnt7ALmoS2bHmzxHrA_-8YvWOs_gE0xuTBRyaF11qgVea_yfT9sNjKNkco2YVGvdbDo-aF_1xOM3_EFyIApjjA20xyq8vlm_qlZuflFtjco3qkZ0pPEgvuquckwTWltaC8Z_m5HLjGj_duqQBPEgbTquqy286cjLfuqubWvuY44RyWdlGejbqvNqfiiU5kHrWaE_OkdPVY2wylgtmPwcE84-fmgopsblznT07i7WSbDRVFuY2l0l_-mn0q4W2zNLaoI0yyETRCvcXq0gzgsXITbEV2m4PoHgUPsuAgnTz5vVvUnB-ziY_LoD2z-4VrdAOnxSb245RADu8PLwPiQoTvEhlhS8j4fanDm0g-JY3SfBEGFMy-XcclItYFNdf1cLQTNp6fHVGiZOfBRt6xXcLT2kH1ht3vEbXGOQ,29.9,,,童装/婴儿装/亲子装>帽子/围巾/口罩/手套/耳套/脚套>帽子,童装/婴儿装/亲子装,帽子/围巾/口罩/手套/耳套/脚套,帽子,image.png,其他防晒帽,,,同意,,,,
2022,2023/02/07,700626632581,运动卫衣,X3171205103,清仓,https://detail.tmall.com/item.htm?spm=a1z10.3-b-s.w4011-2629836412.247.da94367cslrYwP&id=700626632581&rn=eaad27fcf23d3950802d701399ee906d&abbucket=11&pisk=gCSjYtXH5jcXdzttCE2rV2_Lgp-6I8rUhA9OKOnqBnKY111OZcJan-bWB_56bhWTi1s6wOb4nFPmCa1cpE51I-v961C6_ZzzYtXDjhFefkrFnJoGl3bsXd38BKvQUKKyRO5MjhFU14o9oktGMfDHIV3JeQvsDdnO63BJLpK9BKKTFQp6KCnA61eW2dpv6xdtkQnJCQhv6hp9y4pBId3xXEe5eQv9XCC9k86-anHBCrOch-7q9w--Z7NMZcnOVKT8ztOJuFewrEOlhQNLWgiHlBBvNcFIuk421QjLaz6lOZC2E1ZQNHQhNGTpfoGHhaBB2I-LR4tfUsjBDMNj0L-ygeQ9P-EAFnOXWg8KQqxfWsj6oZMgKTKAZwAHkzVkFiSe5BYSwSBPFILC5sPoXI7Ce_TF4boevwf5feKd4sieOpPi5YTnfLOUF8giS4GxOtKjfD5DkLvXz8wSMNYvELOFb8gtuEpkEQw7FjC1.,59.9,曲奇,运营三组,童装/婴儿装/亲子装>卫衣/绒衫>卫衣/绒衫,童装/婴儿装/亲子装,卫衣/绒衫,卫衣/绒衫,image.png,普通童装,,,同意,,,,
2023,2022/12/15,695003365847,软面包护耳帽,KQ23168,清仓,https://detail.tmall.com/item.htm?spm=a1z10.3-b-s.w4011-2629836412.251.da94367cslrYwP&id=695003365847&rn=eaad27fcf23d3950802d701399ee906d&abbucket=11&pisk=g9ssDC6klfc_CpxxhF2EA4_8_L-jmJrzCx9AEtnZHhKTGs1AtmJ4IRbBH65X0nWYsssX9tbaIEPihw1GeF5fnRvvMsCXgNzU4OXMmnFycurPI8oc5HfXWnhK99vjWIUeWOT4okVzaurbWvKb175qm4qbJL9JDdd9kveB3K3tDsLxv9dHnKh9DCeQdBvjXjKxWpEpHL9vDK3tv9pDnc3vBmpK9BvvDICvDJtptKhyoY9b5CX_QNlRzHHzq7dnDmIBCeUFCBdD1-8e5B66O7UAA0Y6wOdID7gaqPRXtgFUR9f5W1JhGuNB2afCcUKbfbv1JTtp_3USRh6FsgtOV5iwLHRwyZLQBlBBfCTAYUHqSh_AsiTG5x2lphChrQYT-WvCbg8XZeGL69WB6U_f_Wmv_a6dOUSET0-Rr6sXy3Irl0RWUS0jdUmXdQyQdq0mRfh5Bhij41Y9KdTUdJGOoFpHdQS4dq3wWpvHOJwI6s1..,29.9/39.9,洋葱,运营一组,童装/婴儿装/亲子装>帽子/围巾/口罩/手套/耳套/脚套>帽子,童装/婴儿装/亲子装,帽子/围巾/口罩/手套/耳套/脚套,帽子,image.png,秋冬帽,,,同意,,,,
2022,2022/10/21,688270444586,冰雪大冒险滑雪护具,KQ22237,清仓,https://detail.tmall.com/item.htm?spm=a1z10.3-b-s.w4011-2629836412.255.da94367cslrYwP&id=688270444586&rn=eaad27fcf23d3950802d701399ee906d&abbucket=11&pisk=giliD8vSCAy6Zf-LpXN6UdpysPJdp5NbqmCYDSE2LkrQ6lK_6ryq202VMVp6oEqncleT_lC0iqmjD-lYDjbst0fA6h9susVYg3KJwQ365SN22QOPC3__krIa7ieaY6PYokUuZW0s5SZVJiJ-LV_mCOQAurr2-Wz4kiP4QS5U8kaAQoo4bJSUlrN4gmyaYwzbSs7abPye-z4N0r5agyzUPzjV3mP2-2rQuSzZ0SlyfsrogXGevI9tcRyDrKz_Iuuax_0ITPJaAQNlg9hUS22q7t1VgX4gIjjBhjG8Bxu7Ff3Di6NtrvPUojTPno2o3fFE_HRzd-lEYyo9ktannql71RQfG0Vim8laKZ5r5Sr_tylykTZKtlnqsJ8RZ-FEw8PZpptTH54o0fiGosorJ4h_djxlYoMTPWzmGUW0m-Srw9WyhhCb8EhFhtwaRyq-7Ha6oH75_HLH-T9_Qya92eYhhts5gsBB-eXlYRzQWh5..,29.9,曲奇,运营三组,户外/登山/野营/旅行用品>滑雪>滑雪护具,户外/登山/野营/旅行用品,滑雪,滑雪护具,image.png,滑雪,,,同意,,,,
2022,2022/05/21,675266526156,海底两万里立体泳包,KQ22122,清仓,https://detail.tmall.com/item.htm?abbucket=11&id=675266526156&pisk=gztscs9ll5V6xNjYhNDUAzT-_TSbnvorC-6vEKEaHGItGIOvtoWqIAYCHBRf0iJxsItf9KYZIZlgheOMeNRXnAXAMIdfgFuE4dvGmihPc0oyIYrD5MA_XipKHtWPMv7OYZJqvihramaUpNcNDIP0r4gLJTfdBlQYDvsdnTZADZB9pv6A35CA6IHIdtW0MsUOMDCdUtSYklBOJyB5FtUAWOUKdtfdMiIvMMHCnbRgFtg1sdMw77LPvYq-Z6qYDH61J2J19ZQi3Zb1Ud1Iw2KQqN1JB6ZxNPoo7s1H2XuBKQT9_9AjVXsJrBtfyii_ZOTpFMCN24aCfpRMVGKS1lWFY17JkwMtXps11ZKFy-zGfEdMcNY_nYvdXBYlZN3nt9tw4Z1lRWh9Lp1OPEOZtoCwPpdCzHPU4gLkOn_R2gub4_6rirwCro6CavMQor4Q679OfoZysNBhCwkId5LcW9XCankQkP7OK9fIdvN9G&rn=eaad27fcf23d3950802d701399ee906d&spm=a1z10.3-b-s.w4011-2629836412.263.da94367cslrYwP,39.9,热狗,运营一组,运动/瑜伽/健身/球迷用品>游泳>游泳专用包,运动/瑜伽/健身/球迷用品,游泳,游泳专用包,image.png,泳具-其他,,,同意,,,,
2022,2022/04/09,672566482969,水果派隐形海洋帽,KQ22074,清仓,https://detail.tmall.com/item.htm?abbucket=11&id=672566482969&pisk=gQ8tcFxyMvDgFNTOtCo3nmcdblG33DAaJdR7otXgcpppCp8GItj0krBpNGcwnKxdHp9dCPcZbi6vQ9v0oCYvYrdygFcNof7w_Z7jEY0kHCRNukM7_p8TOB1MO1N1cDbB6mnfpY0orBn1_ZAIEE4qqT1OZr_ffOsQO95Ahl6XhMaCg9a1GP_fdXBFd1a_lZgCO1f4fs9fGJsCZ_qblrsjRk1Gdt_flKOI9sXChb-nH9N1nrKu447cDfaNhtYd6GBW90zYl050EwR1UrUABZITjC6LlrTpA2mg_Oiztt7GQC1934zN5iKXSwTsdq_W4pLAVanm_GOvvK7MRjZ1FhvG0FSLCl1RWOIW5GFu8BSXveQM5xrytBB12wxnYAjcWdKPUGiELKddIKTOARHhn3AH5MpSKypVDnTGRFMIygoyrUpBE8XRilGK9orVf6P_MLCNzOyKa6Bo6qE40MlF9TcK9oZbUzfdEXl70oSEM&rn=eaad27fcf23d3950802d701399ee906d&spm=a1z10.3-b-s.w4011-2629836412.267.da94367cslrYwP&sku_properties=20017%3A31284409019%3B1627207%3A48285904,54.9,热狗,运营一组,童装/婴儿装/亲子装>帽子/围巾/口罩/手套/耳套/脚套>帽子,童装/婴儿装/亲子装,帽子/围巾/口罩/手套/耳套/脚套,帽子,image.png,其他防晒帽,,,同意,,,,
2020,2022/03/05,669577405059,立体卡通泳包,KQ20127,清仓,https://detail.tmall.com/item.htm?spm=a1z10.3-b-s.w4011-2629836412.275.da94367cslrYwP&id=669577405059&rn=eaad27fcf23d3950802d701399ee906d&abbucket=11&pisk=gLdZDANNOfhaRvIOIB14YzzubWf9DsoWIIsfoEYc5GjMf1s20ULXCdTccI52vHXD11T6YixW0ZO6GE4VoH1GHdsffi52k3uIVbGWWFCAt0iSNuL-O5fGSZbGoqfh5Z0CS66ylnCAi0i4dSXtasKgDzeLnJbhvZPGoSxcteb5rsbcSs0FxZ7Rm5xDm25hoNj0Si2GxWbVx-20INq3xaQ0IibgI28hvZfcmnXi8ecPBFY0Ta6ikoMYBkwnyPsWSMP0iCcAIgzF0wBXTMWGq9XziwOF7OSkSCv8bW_HOBW5driCtUpBjw5r_uQwKU5GuI3u3iW266Se4bVAJdxwttRIkbYC_ZWli9z0ie5Fv9R1ZbqFJpY6nCKauSb91Q6V29u0Mt1HNTvkbr3J-1bDDTdj25IMoUdJF_la2NJHz6SPkoQnPqdvQo2VIwQFV2uFFNVD0frBsS2YH9fR8gg15-eAIwFbQIgTH-B1rwSS5af..,29.9,,,运动/瑜伽/健身/球迷用品>游泳>游泳专用包,运动/瑜伽/健身/球迷用品,游泳,游泳专用包,image.png,泳具-其他,,,同意,,,,
2021,2022/02/18,668627429139,潮流撞色太阳镜,KQ21093,清仓,https://detail.tmall.com/item.htm?spm=a1z10.3-b-s.w4011-2629836412.283.da94367cslrYwP&id=668627429139&rn=eaad27fcf23d3950802d701399ee906d&abbucket=11&pisk=gjjmcD4ClZ8bVgFJygtb8rUUmKzJInt6t1n96hdazQRWDIFXDd8N96YZXtUbIRAl1ILv0InMjOf16FS96GDfq6mtDSafQcx9bWFLvkBbhhta9kZElWGXLdn4XEoNUn9tNpAHqkBfhCMm_JQzvAD-uHDZ7C5w4QJM3hJ2bKJzEdvH_hR27bWyQQ-wbERqUTJvLxo23Fyozpvq7do2_UryBdM2bh5NU8v6aK-wbb8jbBjNVgP8frC6uK04gKTDTtRoxTsy3xO4AhnaxgJcEEXq5coNqKYcjba1fMLA79TCDOqiVnBhz3JGfJuMsebND3S4ak8W7g5yUset5LbGQMtXkAi1tnfM8i8oQDWXbItkUMytRQIkM1SDzJnHW3Sp8n78PSL9mpfNcsDib6WRpiT5jWcy1ZpB4dj_LVAM7gr-z2z_Mc9zBgus5EJWEBB4NKwgavi4w82oRrT2FKFLE80s5XiZX4wuE2cyuL9Yg,29.9,曲奇,运营三组,童装/婴儿装/亲子装>儿童配饰>太阳镜,童装/婴儿装/亲子装,儿童配饰,太阳镜,image.png,太阳镜,,,同意,,,,
2022,2022/01/07,667091455117,动物园派对盆帽,KQ22057,清仓,https://detail.tmall.com/item.htm?spm=a1z10.3-b-s.w4011-2629836412.291.da94367cslrYwP&id=667091455117&rn=eaad27fcf23d3950802d701399ee906d&abbucket=11&pisk=g4rqDPxqViI4j9hxouiwapJHg3mYMc5QolGsIR2ihjc0GmGa_Je_lrwi1loaw70gcmwbafVQ_AZbfRvZI7imWrGsGfoaBWW5OMsQH-ntq61CABedVnmmnfxijO0oCv6Sn0gUC5ntj61wPh0AYcFD6gEMSUDowA-mIhViq8DIKcDincXrZAkKsnVgsTooIxcMnfYmZ3DZZFYMmcjoqvHeox0DmTyowAmis50cU8czV-2M4vgcBC_9kQ9HqLGQnb-MjojtoXJosYn74vgmt40MjYZr3ql3no4pg3MuVuuIPd1SqJU7iYoF0BH4rJomQlBH7fuaD0lzTMxterV4qVr5BM2S0Aunj4JMj8orw4rjxMArez2bSoF2QhDYckgZ94WMXViuA243gdBLEmDg62E19nh0IJELRDS29xzuL0SzDCHldOETuCYZoYHrOTWrRxxg_iR7mhY9W4mKUX6jhFLtoYK6ul6vWF3jKYlChvf..,34.9,桃酥,运营三组,童装/婴儿装/亲子装>帽子/围巾/口罩/手套/耳套/脚套>帽子,童装/婴儿装/亲子装,帽子/围巾/口罩/手套/耳套/脚套,帽子,image.png,婴童防晒帽,,,同意,,,,
20,2021/11/11,660030249628,保暖手套任选,/,清仓,https://detail.tmall.com/item.htm?spm=a1z10.3-b-s.w4011-2629836412.295.da94367cslrYwP&id=660030249628&rn=eaad27fcf23d3950802d701399ee906d&abbucket=11&pisk=gKatDPZzM9XGsLUtt5SHnifKbh13mMVwJRPWoxDMcJeLCJziIxmDkEHLNcfan-qKHJwKCFfNbmMYQv2Do54YYEFzgPfZo1ua_qufETbuH5PZuH6W_JzxRDGx6Zc6fqgZRpsmevQlr5Ppsf1uOa4DtTcKsnTbhcMIAfkI1xGsh6nIZjgX5mT_OvMEdqGsCENCRbl95hibhHtIgjTshmMfRHGx1qMbhq1LOvlxlxGrrtHB1xYYq37romLP-AHaJfntFWIykEtKNLmu1xLvkA3SXhVspETbJk_hjCk14BDqSAPs6-7y7ViYcP0Q59_jPuyLk0gRm1o_MkeqSy1XfYZgImzZvdtswVHtVPi9ZePEckUKSP624WVKC033xMWimVeT4Yo1Y9yY9A2bWD9OKxqutPiLF9YL3mEbS2a1daIr4z48d8voejx196K20cGe1Ie-_4kwp_lKE1Qv0noFTXHl96KXcL8o9YfFNn-qYsC..,12.9,,,童装/婴儿装/亲子装>帽子/围巾/口罩/手套/耳套/脚套>手套,童装/婴儿装/亲子装,帽子/围巾/口罩/手套/耳套/脚套,手套,image.png,秋冬帽,,,同意,,,,
2024,2021/10/15,657627257841,好rua套头帽,KQ24116,清仓,https://detail.tmall.com/item.htm?spm=a1z10.3-b-s.w4011-2629836412.299.da94367cslrYwP&id=657627257841&rn=eaad27fcf23d3950802d701399ee906d&abbucket=11&pisk=gZBicDN511Rs8wap999_a5FzIhPLmd9XrZHvkKL4Te8BBFU6BnRVyaAqHGF_moYhlFd9QFHDnibfkIWvktm1KaDxBPN10xvv3zU8e8I_fK94y8wr1zg6V3G4HCkqYdtxR3YkK8I1fEiiuuCUemmK__oqgE72Le-DbK-w3h-UxnxkuK8wg2Se0eJ23C8ZYM-94ckwbIrnT3KSgnkwgvuef3-w3K7qLkxX8hJ23b8j3UXVd9zLh5QX_EuQPhOMzG8nEM6ebzYgFBHq89-GxaIZGxkVKhAGn2NfhTdOggO5Bi2mddIlTp-chulDoQfVBpWa88RBg97eYNExGHfc0T966mMfrdbDaORn0YS63F9HYTrxNeBHWZWMTuHkMpWJad5LOPdvI3bVCNmm3aSd2OOCnz0el1KWLnXb4jYDgg--TbPbWxtUD9ljGC-BxUIaRhZ080MaJkqnN5OwAhU8xkcjG4MqHXZ3xb0e_HtT7,39.9,洋葱,运营一组,童装/婴儿装/亲子装>帽子/围巾/口罩/手套/耳套/脚套>帽子,童装/婴儿装/亲子装,帽子/围巾/口罩/手套/耳套/脚套,帽子,image.png,秋冬帽,,,同意,,,,
2021,2021/03/16,640098789794,欢趣乐园双面盆帽,KQ21119,清仓,https://detail.tmall.com/item.htm?spm=a1z10.3-b-s.w4011-2629836412.307.da94367cslrYwP&id=640098789794&rn=eaad27fcf23d3950802d701399ee906d&abbucket=11&pisk=g1pscoxlGP41u46Yc1mUd7O-7gWfuDkrfosvqneaDOBtlETv--SqjcACDe8f3t-xSE9fJnAZjsugcBTM218XmcjAkELfuClEUhxGnt3PhYkyj0yD19Y_HGEKDiSTXD5OLs-qpt3rzxNUv10NHEz0-5lL9gbdXRCYHD6dmgwAHsI9vDsA0PQAWEnIAiS0kZFOkvQd4iWYMZBvvvIGqrETB5IKAibdktBvk9nCmb5QViG1Shiw_zdPpYPrww2YHps19X-1JN7o09C1Eh_IyzJQE1_JXwwxP5ko_Z_He2lBxUO97MYjF26JZe9fwtM_rGOpV9QNebNCCH8MFOpS5RSFLN5JM6itBH615spFwoPGCILMh1A_m0xdBeAlr1hn-M9wUs_lOy39YH_ONITZ--QwNHLCapzUUTdkRK1Reg7bUasroSZCZ-sCzDiQiSVQWztOC-wyS1Ihf6oIAPdc6MjCzKoQM55OxMbIADa9l,29.9,曲奇,运营三组,童装/婴儿装/亲子装>帽子/围巾/口罩/手套/耳套/脚套>帽子,童装/婴儿装/亲子装,帽子/围巾/口罩/手套/耳套/脚套,帽子,image.png,其他防晒帽,,,同意,,,,
2021,2021/02/05,638459815402,隐形海洋遮阳帽卡通贴标,KQ21033,清仓,https://detail.tmall.com/item.htm?spm=a1z10.3-b-s.w4011-2629836412.311.da94367cslrYwP&id=638459815402&rn=eaad27fcf23d3950802d701399ee906d&abbucket=11&pisk=gkoxDx0EBQA0oHnYEx8lsFv8uZ9usUDV2jkCj5Vc5bh-Gbo0i54GXGF-drvqsf086bG8Giv2uPNtg7cGjxmtzGHEQmv4jKrq3lr6tBxn6xk4baOC3boTVuwaIh2fcZZ4V_Tg97KHxxkRn-9nFHmGEBY4nNss1rN7P-P7h5wb1LU7KRZ1cPsjF7NzNlwbGGMWVJyAcZas1aN73J_fhGafV8waIlNs1l9-F7yTf5GyrCF5h5jt-w-UjPKPQ7VS2-UYOYLFXGsQL64ZhWjOXSH4kZDbwGss24tkotPX8TVamSkbHf-F0oat5mqScQt_A2l-XyZpSKzjB4ham091lWgmiPo4ys_bpoFYRmaAKgkz54n8mmON8YD8GyEorUR0Sohx8WzXzQlteScsDz1vZ50nEma-OQj-_P3smuiXNHIyUDmKNXf39RbXeLQN7rwPhOhL3kPVwpy8tKKO7NzyU8FHeLQ156S3eWvydN7azdC..,35.9,桃酥,运营三组,童装/婴儿装/亲子装>帽子/围巾/口罩/手套/耳套/脚套>帽子,童装/婴儿装/亲子装,帽子/围巾/口罩/手套/耳套/脚套,帽子,image.png,其他防晒帽,,,同意,,,,
2019,2021/02/05,637791933431,隐形海洋大帽檐升级版PLUS,KQ19472,清仓,https://detail.tmall.com/item.htm?abbucket=11&id=637791933431&pisk=gAFxDV2UWgjDR6PxrrWkjOb-3K_oST42wozBscmDCuE8cuPmmcDM6Cn8Rxb4jl2-XuZ-cIbV3AiT00qMsrVTUCUU7SbqsZl4ufl1xMf3Xrzq_LsBuuPtNYgm510jlqGqN36iv0ChtrzJoq_3P6VMrMjjodO_fxiSFqoSlcgjfaHS-VG6GAObP0irVfgjcCa5N2uvGKM_fLiSR28jlKijV4gsWfi_ff_8P0ut1cGztGnWlcATKp5EsAK6d0o8wqHxAzBe6C9r8HD7lDO96mUqHK4j2CO_w81lnEofLUmZimzjkl5egjMTCSc7Gg1sOJr86vGdIZkbW8EZi7_6hDw0mAPqen9jJjnxdSMv-QzrC8F-iSswLz4-cvhuETSmIjEYLDkfUgrTymq_MYtAqc23rSM8AgA8bAe_ibNfV6IzUWVLVkxnvVvfyapwQxgylFEKuXo22wu-xZC9QdkPz4nhyap6CHRnyDbPRdJZUNC..&rn=eaad27fcf23d3950802d701399ee906d&spm=a1z10.3-b-s.w4011-2629836412.315.da94367cslrYwP&sku_properties=20017%3A12242217624,35.9,,,童装/婴儿装/亲子装>帽子/围巾/口罩/手套/耳套/脚套>帽子,童装/婴儿装/亲子装,帽子/围巾/口罩/手套/耳套/脚套,帽子,image.png,其他防晒帽,,,同意,,,,
2020,2020/10/22,629704660679,卡通针织套头一体帽手套,KQ20270,清仓,https://detail.tmall.com/item.htm?abbucket=11&id=629704660679&pisk=g9QocMq1Vg-SlUevDZT7buEarQrxTUTBI93ppepU0KJXyLeWyB-FBOxEJ_E7tWvcdLKJzL3H-6XCpH7ppwc5oO0Ky8Z5T2Yp8ReTWPC7NeTUBPaZVRMW1CDzJHuUuUOKhCvMoPC5NpGoL5I4WXcx4SGEYpWeuKRHaeRy8QR4iBAMLeJyYx52TK8e83JrgsRJ_buyaHPm0BAoUpJeTm52sCGy8eWegSAB3Q8e8byt8dbFlZyYRuBB4ZmbgQtkQ_JmSs_2a-985huEQZRli9CrA2uFoQxl-xZCRNKRY1t1y64nlUCG0ERhR5oHKhjFyE7z3P-XYZW2gTFKAIjhTNTW2XgCIUXHba-mTV5W8LTDgNPKfKQDe97k053MvE79bUSYc8KprCXFPTcn8O5A6atf-RD2dgd6uBbQ_DvHYgu-0crQe2O49ZoIA3RXidCzhQN33fgzHSVmfutyGQeTiSmIAAgEJmN0icD24IO8U&rn=eaad27fcf23d3950802d701399ee906d&spm=a1z10.3-b-s.w4011-2629836412.319.da94367cslrYwP,12.9,,,童装/婴儿装/亲子装>帽子/围巾/口罩/手套/耳套/脚套>手套,童装/婴儿装/亲子装,帽子/围巾/口罩/手套/耳套/脚套,手套,image.png,秋冬帽,,,同意,,,,
2020,2020/08/12,625459951998,萌趣卡通鸭舌帽,KQ20154,清仓,https://detail.tmall.com/item.htm?abbucket=11&id=625459951998&pisk=gb0xYviE6LvmLx0YZj-lIhA80iOlj3cVyxlCSR2cfYH-hYu0nRqGWNe-OoAqIAm8BYM8hZA20lwt38DGSj0t4NhE_qA4SIzqgPz6KpYnBjl47g9CgYRhVgNqNiNXqoGYjh8yKpYHWn17WKpnINWzD3NLOPNbhl1Ww5V1cNM_faG7U5P1hPwXwQez6Z6_5iNWP5NL1PN_faN7tSCfcosXP_wz1P6sCPO8P8PsabJTFswGWDje8PqO1CVa64FYDJGJYNQ6aWW3qjZOWNexToImG8Q154nWrnf4hH5uQr2qGSHw8ZzbXcg0Pq9W5yiEeVEQJhA4cfn-Qr0W1iwImxqZuuBfcWUYHkgbD6brali-yr0XQMlow-ZLr0xynl4xHDyUc3JrBbemCqE5HL2ixb0b2v9lyArtfq4SlLTd4UunJYMhKJFGcQdRbGrbas1tpSzU3TdUwJAvWGSa4QP8KQdRfG6F-7eHaBsNbuRO.&rn=eaad27fcf23d3950802d701399ee906d&spm=a1z10.3-b-s.w4011-2629836412.323.da94367cslrYwP&sku_properties=20017%3A12291679097%3B1627207%3A19122796688,15.9,,,童装/婴儿装/亲子装>帽子/围巾/口罩/手套/耳套/脚套>帽子,童装/婴儿装/亲子装,帽子/围巾/口罩/手套/耳套/脚套,帽子,image.png,其他防晒帽,,,同意,,,,
2019,2020/02/20,612767935496,立体卡通雨鞋,KQ19420,清仓,https://detail.tmall.com/item.htm?spm=a1z10.3-b-s.w4011-2629836412.331.da94367cslrYwP&id=612767935496&rn=eaad27fcf23d3950802d701399ee906d&abbucket=11&pisk=gKVZcuAZO1CZ7RntIWG2YU8kbBcTJjS7ISijor4m5cmgffi40zUbCRamcSl4vkD01fa_Ymq70qN_GrYqokGiHRijfml4ku7CV_17WPhxtgs5N3UROCc-SVcmIZmnljuiAYlzDPhxii8BiT1zWleG969mo2bElq3DmoDg-B0-xqviiomnK40Dsjq0mXmnWqYMidmMtvmKPV0Dsqxhtq0yiF00mybEkDmmiAq0-blbSrAEPAbvctp9App6Y0aiYIA0ssHi4enjJbVExAmoKodmRWuZQ04gs8KwO2VQTYMBlMG3yJZi8b5w2Vy3zf04Mavq0xPtTDrPZI3LIlPn3W_AZyGZuYcmLEA08XoKL5GlZHuLKPw06l82iVF_Nxo-LZAxhXVSE8qwkaUnsqqxeSsJ6c40y7eSa1--7J4rTg7vD2b5kSewmKkiJ2o58wkSSIqV_HNMiKpxKb3EVNg6HKHiJI9aGNpvHAgo80_sr,59.9,曲奇,运营三组,童鞋/婴儿鞋/亲子鞋>儿童雨鞋>雨靴,童鞋/婴儿鞋/亲子鞋,儿童雨鞋,雨靴,image.png,雨具,,,同意,,,,
2019,2019/09/02,601715476831,束口雨鞋内胆,KQ19278,清仓,https://detail.tmall.com/item.htm?spm=a1z10.3-b-s.w4011-2629836412.335.da94367cslrYwP&id=601715476831&rn=eaad27fcf23d3950802d701399ee906d&abbucket=11&pisk=gqvichGW1C5slsud9p6safhrIGlpgO6frEeAktQqTw7CBN31Bi52yUf4HhhsmmbHlNCOQNecnnYXksJAkKq6KU2YBVG60-XA343-eYKsft6qyYMz14a1DiI4grFa8OsYRgblKYK6fZZgu0dEeoqLOOZ4gZ8VLwScbtSN3GSExijlut7Ngy-F0wWV317aYHSO4lyNbso3Tis07GSNuyPFfisN3t82YDjf8GWV3bSu3av2dpuKhfLf_EDmbG1Gzh73EH9FbDbsFs24tpSMxFKaG-y2KGfMnyGXhLC9g31WBnD0dOKkT9SDh0Pco_A2B9JZ8Y5Cgp8FYFnYGMAD0L616owXrOYcad5308-13N6hYLoYNwphWEJGT0elM9JRaORKOVCAIgY2CFq03U-p2d1Bn44FlCI5Livj4Sbcgg-8T7ljW-sEDpPbG1SCxaKZRGim8uwZJDm3Nf1NAG3-xDVbGzw4HWinx74F_Mst7,6.9,桃酥,运营三组,童鞋/婴儿鞋/亲子鞋>儿童雨鞋>雨靴,童鞋/婴儿鞋/亲子鞋,儿童雨鞋,雨靴,image.png,雨具,,,同意,,,,
2024,2019/08/29,601907454426,超好rua翻盖手套(捡漏）,KQ24111,清仓,https://detail.tmall.com/item.htm?spm=a1z10.3-b-s.w4011-2629836412.102.5b19367cv1EnTQ&id=601907454426&rn=369226f97ec6522e2b5101c568c7854a&abbucket=11&pisk=guyZYu9ZdOBZfv3tsJM2898ZdRHtnx77s-gjmoqmfV0g5Ag4uuEb15Zml-k4Jyc0CAZ_8q47umw_hoxqmyMiM5gj5qk4DzSCPT67XlHxKa_5FbpiIODJnCmDlvAnfxoiRbkzklHxnZrFVZS_XPFGeSAimDjEcmpijrmit20K0Iv0oVcH-mnxnx4mikqnqc8ModDmKMormcxindmHK0nomI4mnMonJmDmjrDmNlqgmpoSsiLxV23f3mGZrl0eUkeEjfRTb2JD3JPET4vS8Kv0LcrhDL_BUsguwVGSryXBQxrn0yl7_aJauoq8iXy2SGau-SzmvWQ2g4P0f7eKOnAgY-uZZRceqKZoBm4mgWQyFck_Tbya6iL3jzgaZAEX4NZEaWl-xXx2sAN7V-huIO8-Rbn48bNNzdzl4ZLxxgsYH58DgfmKY4sFYbiMnrWwRRvDMIhneDu5fcOvMfmphCyfXIdx10mEPGil.,29.9,桃酥,运营三组,童装/婴儿装/亲子装>帽子/围巾/口罩/手套/耳套/脚套>手套,童装/婴儿装/亲子装,帽子/围巾/口罩/手套/耳套/脚套,手套,image.png,秋冬帽,,,同意,,,,
2017,2019/04/22,592125316270,圆标纯色雨鞋,KQ17676,清仓,https://detail.tmall.com/item.htm?spm=a1z10.3-b-s.w4011-2629836412.106.5b19367cv1EnTQ&id=592125316270&rn=369226f97ec6522e2b5101c568c7854a&abbucket=11&pisk=g6cZY31aOCdaxLETIXNVYBSaOfFTZS-SIjZboq005lqif5Zq043jCAg0cjPqvD2m15gsYomS0rGsGqb4oDNgHAZbfoPqk08BVQOSWVFYt3tWN8CgsCVRjoqccWf3WSzgA8PrDVFYin7CiLOrWcHMwhXgoyYUlrCgom4gKkqLuG4iml2hxrUYiSm0n203rPSGm1V0tez77r4gnPq3tzzfjom0ieu3vrV0SmVmw4gio6z7IEIYPkEXyMygqVqFi_787Rq6wkCcOX4Z8o0GHsfmTPyZgMpxMbwsn4e-1qRV95grKW4qMUX408km1WcMxQ2LnXm3-cTfHykqobFTCZCx45o4Ef2Fo_0TilFU-bYfekGUfmcaKU1zhWc7E5DBphwb_zom6c7Vi00IPfeKg3S3DAa8trlvrtr4ng7ADyYWkjHNmtygJyrW8ey7Ssm2_MGGitBYK7UUVFa1HtegJs6ZGFBAHRau8uT_r,49.9,,,童鞋/婴儿鞋/亲子鞋>儿童雨鞋>雨靴,童鞋/婴儿鞋/亲子鞋,儿童雨鞋,雨靴,image.png,雨具,,,同意,,,,
2017,2017/08/16,557156417261,纯色雨鞋内胆,KQ17121,清仓,https://detail.tmall.com/item.htm?spm=a1z10.3-b-s.w4011-2629836412.118.5b19367cv1EnTQ&id=557156417261&rn=369226f97ec6522e2b5101c568c7854a&abbucket=11&pisk=glHtcNcrDeYGR4DTxcRhoEV185KnXBmNpVo5nr4GG23K52kgSrVcHtUKV5xZoqcLk2gL5Oxw_Sax7y0cncDxTtnr0AxanhyZb-yXrUvokcoa3sXur2HYdWZb4Kq1C1wadwO0yypkEcodjltoALDcx3mzXs6jl5aQRoUC1oaslJsQcy6_cOwbRHUURoabhO9CRlrzllgbf9_QmuCfh56_O6Z0RrwbhqiBvo4Qlbhwkys_othlZrjuWM5hFTMLX5UAnyBvgnqQ6unTJUTjpTPTPcadhUCMUC4Y8YTH9Du-1VqEkLLLFbuKH7wvBartO0eQS8OR9Rnn7YeseFBgxJ4gNjNpfdiLBPFjK7sc_Rhj7xFZ6i-rARgEazP6TerKIYVYzWQB5DmL57hxSeWbSbnIJ7Dh-T2Sa2HYN8sP4YD-R4buyof6vHCVg5ZFfi38b8zNJ3rLrhpAgsPeYkUkvHCfGaWuvzxeVs54TnC..,6.9,桃酥,运营三组,居家日用>伞/雨具/防雨/防潮>雨鞋/雨靴,居家日用,伞/雨具/防雨/防潮,雨鞋/雨靴,image.png,雨具,,,同意,,,,
2017,2017/04/25,549373288732,防晒帽任选,/,清仓,https://detail.tmall.com/item.htm?spm=a1z10.3-b-s.w4011-2629836412.122.5b19367cv1EnTQ&id=549373288732&rn=369226f97ec6522e2b5101c568c7854a&abbucket=11&pisk=g4x-YJTwpjcofnxRnLu0tXb7gaHc2qvzDQJ_x6fuRIdvNI-lZ6b3vkCvCaDytBYA9IOANuDrzw1pasA3xLxpukpwL3DPxYSyUMSIsfmM9LJPYyqGsIKRhr6phTw5AqjXe23CMfmijK35UMvjsHqEIWWlIksCP_1flsWOduOCP-ifg9WQNM1SHxCVK61QVzNbhO6CFM65Om1fC9WQOkZ5GZ1VdMZBOMMAcsWIwXGdG813vF4GtRf-zjEgjnBRy6EhMkHSKt7RYLCx1jtYbaC6FsEI6zmZr6C2fj0v3CLWZtRKXjI67IKd5Mn8_TLXBi1lfVUA2KAyXgttwuXcm_b6RZHSVKIRwwtc5J4P2eOyva88LAJfVI8N_agqgtKkjwCNkSGWnKC5Wedogk1kWKOASnV0jGTwMHQ1fg7ejhdXs5fOKzMxHyzFPty7pCBPb_PxQtCieDUU8ZkVH1DxHyaQ_lXAsxk_8y7qp,9.9,,,童装/婴儿装/亲子装>帽子/围巾/口罩/手套/耳套/脚套>帽子,童装/婴儿装/亲子装,帽子/围巾/口罩/手套/耳套/脚套,帽子,image.png,其他防晒帽,,,同意,,,,
2017,2017/03/15,546717586250,顽皮熊遮阳帽升级版,KQ17690,清仓,https://detail.tmall.com/item.htm?abbucket=11&id=546717586250&pisk=gKmxxA0EBQADA0mYEx8lsC4farpukUDV2jkCj5Vc5bh-Gbo0i54GXGF-drvqsf086bG8Giv2uPNtg7cGjxmtzGHEQmv4jKrq3lr6tBxn6xk4bNj3tbphP3wZF11XrrMYSF-ytBxHXE67XIdnsG5Ej3wLdlwbGSaWeJ2Gclafl798CRfb1SG6eLeTC51fli65NRyTfZN_C_Z7dJC15PwjFLeaNRZ_ffZWeRll_CF5h5jt-wVGKSCefMSE2-UY6GVRXAo5xzVIX7s6ODyATWMbwGs_GQAeTYHDMMku0DhLKjx5DXHsLVa-X_OL_0HScVMPMLZKe403k4dfX7m0ZyobvOtjeoFYR0aVHilIeAg3y0vBYoEbGVqqI9dmemhm30HGCaZYm4UKDktFG50opcetbC--9AME5znOMgJrxDhSt6VLIZ9JeN7al8WfBXe4YS5JL8FHHhQN7zJzeWvJeN_1TM28tLJC7NzyB&rn=369226f97ec6522e2b5101c568c7854a&spm=a1z10.3-b-s.w4011-2629836412.126.5b19367cv1EnTQ&skuId=4559692323922,18,,,童装/婴儿装/亲子装>帽子/围巾/口罩/手套/耳套/脚套>帽子,童装/婴儿装/亲子装,帽子/围巾/口罩/手套/耳套/脚套,帽子,image.png,其他防晒帽,,,同意,,,,
2017,2016/04/07,529485920914,顽皮熊遮阳帽升级版,KQ17690,清仓,https://detail.tmall.com/item.htm?spm=a1z10.3-b-s.w4011-2629836412.130.5b19367cv1EnTQ&id=529485920914&rn=369226f97ec6522e2b5101c568c7854a&abbucket=11&pisk=g14txAZzM9Xi5V4tt5SHntm6LcCnBMVwJRPWoxDMcJeLCJziIxmDkEHLNcfan-qKHJwKCFfNbmMYQv2Do54YYEFzgPfZo1ua_qufETbuH5PZunYoEJCkOHG8On9fxcNtmi7FETblkGOIkOBunEJPVwG-NqGsCAiC9bcD5qi6fp1KGjvshAwf96hxGx96fFOBdjlxlhiXfXOIZfhjhhisO6hqdxgjl-gC9jll3tHB1xYYq3DDZAIFtFLTJfntHEDpkvaBrmH7uvTfFzl9UYNspETjC9XPUWFGBUPn7ze-ZRbBW8FbaoiLkp6-3yFQ5oNeB6g89kqoXkB6kv4iK0zsyI__9VHtVyiw6Fy79SZovyf5zV3sCo0aiQBg9Peg_yFDGHgtSkn8W4_yCxq3wrhYut7LeSNzcDUvBgozrzeQELD-ih1d9n-qfXR6M8hZzAJdaXHl6ZK20D5E9Yfd9ntXUUcKE65W0noFM,9.9,桃酥,运营三组,童装/婴儿装/亲子装>帽子/围巾/口罩/手套/耳套/脚套>帽子,童装/婴儿装/亲子装,帽子/围巾/口罩/手套/耳套/脚套,帽子,image.png,其他防晒帽,,,同意,,,,
2020,2016/04/01,529149190413,"
卡通空顶帽",KQ20104,清仓,https://detail.tmall.com/item.htm?spm=a1z10.3-b-s.w4011-2629836412.134.5b19367cv1EnTQ&id=529149190413&rn=369226f97ec6522e2b5101c568c7854a&abbucket=11&pisk=guDEYs6UCppUzWzLtAwP7d7UCveLG88jtYa7q0muAy4nRJarzmnSOXiuPYyrWVVodJiI7z0jzuMIF0jzqVw3wXa7Rzyr2q-6lK9jvDe8IETXhSB3Kp2YxzX3E3jgA8r35SyqyDe8EUS1EI9qv2hHHSC3qlxaVuB3q4q3sP4TVzqnryVGSuE8E80uZcmgmk7hr92uIhrbVMq3r62MIuE0x90uEhogWu2ux42oZtnnqOrbt3Q8cPU5EIN8oD4NEtSYYWYnA_6FLbZ3TYm77lZsQkPUo5-IfGkn50DIp5dG_8nsg4looF1Q-jrq7SGeu9uqJumzq2JA0PDE4APK1iBmb7zEsvVNqTmUBzVja28F9ycI7SEgsgJYfqaivvcw2Nmnlyy3j59D0cVo1vFxdFXUnjnQdb0D56angujyXaEMc3H-TafztlEalh-aGkXozp7sKTfRw52YbrtQA_C8tlB5TYtdw_FQmlzXAof..,19.9,,,童装/婴儿装/亲子装>帽子/围巾/口罩/手套/耳套/脚套>帽子,童装/婴儿装/亲子装,帽子/围巾/口罩/手套/耳套/脚套,帽子,image.png,其他防晒帽,,,同意,,,,
2017,2016/03/29,529011405150,圆标纯色雨鞋,KQ17676,清仓,https://detail.tmall.com/item.htm?spm=a1z10.3-b-s.w4011-2629836412.138.5b19367cv1EnTQ&id=529011405150&rn=369226f97ec6522e2b5101c568c7854a&abbucket=11&pisk=ggurYQ_zlULrZ2y8qqaF3EWzl4U8jyJsq2wQtXc3N82oFzwELfhIV0G3d2zEHxqnPzGS3JDsLWgSRXfUtxauv0wQFJzE9ARXCFTswbULod965lQurU4TZWV3tBY0syPuhlzZpbUL-p5f-hTZwYnkWIIutSA4OWQutvVum-2YOJjoK8qcnWFL-yD3xjc0s7WlKa43oIP_O_23quVmi5NFqJD3-Il0HW43Zv4nZUlotZP_qBBL1-eCZ_ZQIb2V-N5TauAjNM_5P2Fu42cQ3SNju7rzIoRSGsuohX0SyoKc0yhjbvonIKs7EcPZ3liyQakZeWcUtY8O_-0rTqr-c1Qigkyrm4qVtwczkJqsYYJP28mS3lF0m68TGAwmw4m29tcoC8zuioTM_jqnc4EtPKbzSch7PDDMhgwobWjPB9FD1B3K49jUqSF4CIR4f7bnLUWjrwjdvo4TgRO7NMILqSQC42ORvME7sSy6N5f..,36.7,,,童鞋/婴儿鞋/亲子鞋>儿童雨鞋>雨靴,童鞋/婴儿鞋/亲子鞋,儿童雨鞋,雨靴,image.png,雨具,,,同意,,,,
2019,2020/02/17,612612631363,立体卡通双面盆帽,KQ19419,清仓,https://detail.tmall.com/item.htm?abbucket=11&id=612612631363&pisk=gmrEcutEfMIE6XlK-liy_Pc_cinKb05b-uGSE82odXc3ODGza-e7RywoNuoz650uADwQ_bVbaYZQV8vrE5inyyGSObozeSW1GisbpJn-js1fcD21yGnnKbDH-TmidvWsKcg4F7n-qs1y530d00Fhvlj6-FDi6Y-Hx4VkjCDIsYcoE7ciSxDkx0VuZcYiFYvnE40HsFcthvDoE20MSYDyxUc3ZRXZefcoq2VuIbfgK8xZh2XJ7FGHaCYxvj2n_3x2HvuH6J8WcnZnK2ruFfksClkE8j0NdR9ax5wuAk3OSFo8CrPzrSf6RX4q35ub8s-UgWHuUYVFDKlgY8rZJP9vmRurTPqn7LxuLcholzPFTeh3R5uxIVvPDANjsJE37TdgKSGExA01mtyirPZKkk1MYm4YdDaui1TItrkl4wd-It682yRkz2DtQj6NQqMHq7Se1kxkyU3iDAlfdvTJy2DtQj6NQUL-SxHZG9MC.&rn=9c6ad7c61cf90159a20771e34dbbbbb8&spm=a1z10.3-b-s.w4011-2629836412.113.c2f3367cPYJGrx&sku_properties=20017%3A445545427,39.9,,,童装/婴儿装/亲子装>帽子/围巾/口罩/手套/耳套/脚套>帽子,童装/婴儿装/亲子装,帽子/围巾/口罩/手套/耳套/脚套,帽子,image.png,其他防晒帽,,,同意,,,,
2023,2023/02/28,705423615254,晴逸撞色儿童空顶帽,KQ23011,清仓,https://detail.tmall.com/item.htm?abbucket=12&id=705423615254&pisk=gcII26MG-XcI2ByLwXyZCHJcf2-5ORr4dY9RnTnEeHKLN_1Rs0JzKJb6e15W43W8t_sW6TbUKUPnFN1hHe55EJvJw_CWawza09XHq3F2NorVKDeW1AfIvQKTeKJypR8pbUWzX3F4gugZBeVe29um_91tWKA9pDK-2Rt9EKip2UpdBR9JUXdJ9_BTCCvrvbLpydB9LKGp2DK-XdpWE4pppUn9BCvJ2QCJ2Rt9sLKJw_K-gOkXFyOhd8FGt_h-oSBe10nRfdFkM9tkIdI63edvWCn8QG9BRIBFDn8v1dINfE8ZUWKOnN5pCnZZJnB1ys_AZruMATQdZF13sVONWNWRjFk-JOsWOEIp5YeVCHvRwU_gGmJBYNTfAw2o69C2OZKhUxNFCE_6odLtF2KFutSkkMEIiC8DF6RNMon6XUIzQmRXdAgSCEmWCIy_C40oJLfc1AOLRzTpIpTaCRGdrepMCQy_C40XJdvBORwskQ1..&rn=15a2724c3e7c8329bf94efb8c2bdf63d&sku_properties=20017%3A25577566090&spm=a1z10.3-b-s.w4011-14899565465.108.50b2367c5eRxPs,39.9,栗子,运营二组,童装/婴儿装/亲子装>帽子/围巾/口罩/手套/耳套/脚套>帽子,童装/婴儿装/亲子装,帽子/围巾/口罩/手套/耳套/脚套,帽子,image.png,其他防晒帽,,,同意,,,,
2024,2024/05/31,801434657770,KK树小状元悬浮书包,KQ24071,清仓,https://detail.tmall.com/item.htm?abbucket=12&id=801434657770&pisk=gDqs2h93SCA612BOMCWedckuAFofC9SPCKMYE-KwHcnOGSNYtnkVIO4IHWPj0myAsSZj9-4NIq5MhyNgeVPbnODxMSFjgP7F4R2immCrGgSzIhBjOpV6XV3dHxMy69utYqyVvmCPaiTepVfZDR8kacVpJYcKBhnvD9iKnYttDqHTp9Mx3Chx6SeddXD2XI3tkveKQYOtDnnxvvHxeEL9XhdLpXDxDjFxD9iKtxnxMSnxNApShNGgCtC3sSdAuKFIOnKYAvCmNRO9mvUKCDc7BlT9WxDs5bett1N3-PgLnqZDnnguBzVme5dOaV2YRWMscM8t2JaYNvqO4CM37JFm9VJDm7i_G4EtRKKxjcGiAvER3UcUAfPYf2ByVqoL44nT8wfZucM7MlV6hnF8L8ri-o1W9j4ZEDHzIGtI2RHA4l-rNA9BlpgkcvGPd9TDoFH0ZW9I6N_jWvDs896B6r0tKvGVd9TDPVHnCf6CdUhf.&rn=15a2724c3e7c8329bf94efb8c2bdf63d&spm=a1z10.3-b-s.w4011-14899565465.168.50b2367c5eRxPs,"M:89.9
智能版M：119.9",曲奇,运营三组,玩具/童车/益智/早教/游乐设备>儿童包/背包/箱包>书包,玩具/童车/益智/早教/游乐设备,儿童包/背包/箱包,书包,image.png,书包,,,同意,,,双肩背包,
2024,2024/05/28,800646088509,KK树小游侠悬浮书包,KQ24072,清仓,https://detail.tmall.com/item.htm?abbucket=12&id=800646088509&pisk=gHEr2aT7bgIPhx5gQRmFubwTZYn-xD5_rkGIKJ2nFbcuN0GUTReQPzwnOkoUMS03V0w7gXV_TvZ7AJvEKSioJzGINXoUp5Wf1Gs_e8nK-111f0yGUWm9rBcHOxDmeDkoGVoa98nKx6JXxNsae7T1loSoKxXqdvhHtW0unnDnivYoxWcmoADHqDm3ttlmdAHkZU0onxDiiBcnxvDDovHktUmHrtymMvmntW0l3-cxKDcniXwuKnksrTu99QdAODgrs8c2b-EjEr88Uj-D0ozqofqsgHx30YeHO7Z2bwGgWbgsOSjX4DymL7GbsGxqmVzTdvPP43m7orE-Vo1wO4ojNV4nuTju30lrSxg2dUnz-7EEyzJdB-muMPhtrZCx3uZs8f32i_2b3b0a871vxbaanSu_cItsvSU3tvPDagWk9xXyOkUyteuoHxl13tupMkwg3pIRQeLKocHq1TMWJe3oexl13tLpJqDn3f6bK&rn=7ab5b60b34567cc770ed011ab6b2548b&spm=a1z10.3-b-s.w4011-14899565465.104.3c56367c7AlAtk,"小码:109.9
大码:129.9
智能M:139.9
智能L:159.9
+笔袋:+10元
+补习袋:+10元",栗子,运营二组,玩具/童车/益智/早教/游乐设备>儿童包/背包/箱包>书包,玩具/童车/益智/早教/游乐设备,儿童包/背包/箱包,书包,image.png,书包,,,同意,,,双肩背包,
2023,2023/11/14,748797393196,糖果条纹兜兜帽,KQ23170,清仓,https://detail.tmall.com/item.htm?abbucket=12&id=748797393196&pisk=gGao2F_9luo5GQpVSpu5D-iszOIYF4gIIJLKp2HF0xkjyYBSyXoUBRmeJ7I5t6D0dYn-zYLn-W2QpDzKpyA7oRYpyTs7Te0K8OBOWNF7w2gFBY0aHvvS_fcPJvlr04GphfDioNF7NvOkL1EVWwx9g36yYvyEuxlIa2lr8bkViXciL2krYKPqTxkE8JkruKlK1QlrLvJViflwLL-yzx7qTXAyYJuFiSkjT2lzL250gxGENEYEIyzbuOP9ekMoM62rZ0DaaYP8Mr5ZV3NjnBR3ooqEQVHD8ezmNWJLerYGvArsecHL3ZLo-Sl3exeN7E0qjlNKt8bkz4E4czg8kOvKqqH-bkocaaPmrYmZMmApV4qUFym7qB1_g4ybfAiPctG0yPnnCmvVUSFmUcq3etTEelV4ncUvHF3QhkyEt-Jl49K2biRWRj5LuHtI4jGmBSVhitrye4iPisx1V0ljwOCciHts4jGmQsfDfporGjpP.&rn=7ab5b60b34567cc770ed011ab6b2548b&spm=a1z10.3-b-s.w4011-14899565465.128.3c56367c7AlAtk&sku_properties=20017%3A28753227991%3B20509%3A28724284708,19.9,,,童装/婴儿装/亲子装>帽子/围巾/口罩/手套/耳套/脚套>帽子,童装/婴儿装/亲子装,帽子/围巾/口罩/手套/耳套/脚套,帽子,image.png,秋冬帽,,,同意,,,,
2023,2023/10/19,743658844410,热感滑雪服,KQ23216,清仓,https://detail.tmall.com/item.htm?abbucket=12&id=743658844410&pisk=ga1o2jVtGTJWtJn4sDR7Hi96alevwQOBjMhpvBKU3n-Xw3EWweJFXGvE9ae7-yxcA3pJa3hHtwjCvp5pv605iGcKwuw58XApTlET65Q5yBOUX3ANDHmWyFMU9U-E3QTKcFxMi5Q5PHgoYPB46Wm9OnZrLHSegn8BzB8yTU-4oeYMYB-yLm728n-eTM-ygm8p548yYHo4oF8Zav8rTq825F8yYMRUoI-X8B8PYBzcunTENAcej65fgl7t29tlMvI6rLxNz37RkszWeY_emP4NitXBbCKmTX5DPwod2scgphW62dKd0ShktZ8h2nIa_jA2IO_p-gVoaQBVh_ORMlmpEIKJQ9J0z77DZ3vwkK0KFQXFV6v5E2a1uQSfCh9zhoTcw1pHfKm44ZQD4dXh2oGe2ObVmdCxDfdCc9Se-iol42HqQ-uSOEzdgvMBUETDXZb3ooWr2Q9zorD_FL8XylU0ovM6UETDbr4mCDJylEnP.&rn=7ab5b60b34567cc770ed011ab6b2548b&spm=a1z10.3-b-s.w4011-14899565465.132.3c56367c7AlAtk,299.9,热狗,运营一组,户外/登山/野营/旅行用品>滑雪>滑雪衣,户外/登山/野营/旅行用品,滑雪,滑雪衣,image.png,滑雪,,,同意,,,,
2022,2022/08/31,682174476955,圆标撞色眼镜口罩帽,KQ22202,清仓,https://detail.tmall.com/item.htm?abbucket=12&id=682174476955&pisk=gftEqq4B0DnEXWhD3Kjr769vt9IpmglX-315ELvld6fHOM1yaKpWRe9lN3Sy6CbkAM9B__AXaTtBVL2PECshye15O_SyeIksGmiXppIRrjGjcMJmLQjhK_bhqYfGhTH1KG_2FQIRqjGz5ubK0gdU6H7rxPXG6TrhZuAljdXfegXlKgDNsTWAZkAlqAkNETPhKk4hjOXAHg4uqajgstB0tz4hKlDNe1flqgAljAWRs_jlqbsyKLqNhwDFk7FL6juyfsvh_uq4HO73hLa7w7LOKw-l71ksChWF8s_z9zMWxC9kAHQtRyIJCERyrQ3bWMJk-MXXpDrNmpY64OtSFz5HCh7JvNP3-tSFTZxh7mMXBaYwbMtnwrp6Q6bVfFgtOaseTECA-Vh9ad5BZH7gTf1Wldth7Ic_bQQykL6yTDrHigWuwODUN3LUZz7hBO5jQA78639DQ8nK3zURSiBNGv6QyzQhpO5jQAU8yNXlQsM6E&rn=7ab5b60b34567cc770ed011ab6b2548b&spm=a1z10.3-b-s.w4011-14899565465.252.3c56367c7AlAtk&sku_properties=20017%3A7605281259,29.9-59.9,曲奇,运营三组,童装/婴儿装/亲子装>帽子/围巾/口罩/手套/耳套/脚套>帽子,童装/婴儿装/亲子装,帽子/围巾/口罩/手套/耳套/脚套,帽子,image.png,秋冬帽,,,同意,,,,
2026,2026/05/20,1051238591429,小袋鼠轻云双肩包,KQ26135,A级,https://detail.tmall.com/item.htm?id=1051238591429&spm=a21dvs.23580594.0.0.52b1645e1tdPoC,"109.9
组合：129.9",墨鱼,运营一组,玩具/童车/益智/早教/游乐设备>儿童包/背包/箱包>书包,玩具/童车/益智/早教/游乐设备,儿童包/背包/箱包,书包,image.png,书包,,,不同意,,,双肩背包,
2026,2026/05/21,1053351857538,小学童翻盖书包,KQ26137,A级,https://detail.tmall.com/item.htm?abbucket=12&id=1053351857538,"小码：149.9
大码：159.9
小码+笔袋：169.9
大码+笔袋：179.9",曲奇,运营三组,玩具/童车/益智/早教/游乐设备>儿童包/背包/箱包>书包,玩具/童车/益智/早教/游乐设备,儿童包/背包/箱包,书包,image.png,书包,,,不同意,,,双肩背包,
2026,2026/06/01,1056949280276,小方壳双肩包,KQ26132,A级,https://detail.tmall.com/item.htm?id=1056949280276&spm=a21dvs.23580594.0.0.1a794b51Qi90B0,"小码：149.9
大码：159.9
小码+笔袋：169.9
大码+笔袋：179.9",栗子,运营二组,玩具/童车/益智/早教/游乐设备>儿童包/背包/箱包>书包,玩具/童车/益智/早教/游乐设备,儿童包/背包/箱包,书包,image.png,书包,,,不同意,,,双肩背包,
2026,2026/06/02,1056378845668,小萌伴双肩包,KQ26136,A级,https://detail.tmall.com/item.htm?id=1056378845668&spm=a21dvs.23580594.0.0.1a794b51rJ9hHA,"小码：79.9
大码：89.9",桃酥,运营三组,玩具/童车/益智/早教/游乐设备>儿童包/背包/箱包>书包,玩具/童车/益智/早教/游乐设备,儿童包/背包/箱包,书包,image.png,书包,,,不同意,,,双肩背包,
2026,2023/06/30,726581992304,探知世界双肩包,KQ23115,清仓,https://detail.tmall.com/item.htm?abbucket=12&id=726581992304&pisk=hDGxejsVDQLy15LkpUeOpGPg6Uxncf4_5VuN5oNjmcEtV2ainEu1fc3tVf2_jqV9W0roio00Gl1tjVcmjVGg5fFg1HvVuUf50y4OcC4_C8spt1FDxBAnyqPa1H0MWxTKzyUQ1rZbCTT8JP5b1RajPUU_SiZ_ccgWyPr75l1_h7Z75yr_5c1bFTa3lr_fhRZSPyr7f5wbfU374PF_fcN6y4_mv-TcezohXs3Pxtub263rw8S3vYq51HGakHrQIo8vojio5jc4U99L_4DKXAiwKTPx5xNb-qRAwWgjEHPosU66QvkI-vfBCjKIMXHtUi1Z_dDoGb2FcIhE_cNnTvAk-dDmdSHrXg9pqj0Qg22hWnG6T4F-k4WkQjhjU7lKYNvDmn9bzJOb5Uvw2kS8ykYv6OWaUUz8xULRQOybzzEHkFBNQ88P.&rn=da2f11b6b467216f670a3f21f7752ea8&spm=a312a.7700824.w4011-14899565465.136.4e91367ctxaJMx,"S:79.9
M:89.9",虾滑,运营二组,玩具/童车/益智/早教/游乐设备>儿童包/背包/箱包>书包,玩具/童车/益智/早教/游乐设备,儿童包/背包/箱包,书包,image.png,书包,,,同意,,,双肩背包,
2026,2025/08/29,970035403509,小鸟岛针织帽,KQ25095,清仓,https://detail.tmall.com/item.htm?id=970035403509&sku_properties=20017%3A40445276645&spm=a21dvs.23580594.0.0.621e2c1bA3ux1f,"19.9
帽+围巾：43.9",热狗,运营一组,童装/婴儿装/亲子装>帽子/围巾/口罩/手套/耳套/脚套>帽子,童装/婴儿装/亲子装,帽子/围巾/口罩/手套/耳套/脚套,帽子,image.png,秋冬帽,,,同意,,,,
20,,779588247918 ,夏日艺术披风帽,KQ24048,清仓,https://detail.tmall.com/item.htm?id=779588247918&sku_properties=20017:31595748552&spm=a21dvs.23580594.0.0.24554b51vLjRwL,39.9,洋葱,运营一组,童装/婴儿装/亲子装>帽子/围巾/口罩/手套/耳套/脚套>帽子,童装/婴儿装/亲子装,帽子/围巾/口罩/手套/耳套/脚套,帽子,image.png,其他防晒帽,,,同意,,,,
20,2025/02/12,886355255466,果立方卡片太阳镜,KQ25028,清仓,https://detail.tmall.com/item.htm?id=886355255466&spm=a211lz.success.0.0.2c5b2b90uulUQx,59.9,栗子,运营二组,童装/婴儿装/亲子装>儿童配饰>太阳镜,童装/婴儿装/亲子装,儿童配饰,太阳镜,image.png,太阳镜,,,同意,,,,
20,2022/01/24,666997192209,糖果偏光太阳镜,KQ22062,清仓,https://detail.tmall.com/item.htm?id=666997192209&sku_properties=122216343%3A80659479&spm=a21ag.23983127.0.38.3ebe50a5Zgikf6,35.9,桃酥,运营三组,童装/婴儿装/亲子装>儿童配饰>太阳镜,童装/婴儿装/亲子装,儿童配饰,太阳镜,image.png,太阳镜,,,同意,,,,
2026,2026/07/01,1062259126869,小舒云弹弹棉T,KQ26191,新品,https://detail.tmall.com/item.htm?id=1062259126869&spm=a21dvs.23580594.0.0.4b944b51Q1ENe0,49.9,墨鱼,运营一组,童装/婴儿装/亲子装>T恤>T恤,童装/婴儿装/亲子装,T恤,T恤,image.png,普通童装,,,,,,儿童速干T恤,
2026,2026/07/03,1063663665549,小风动机能裤,KQ26139,新品,https://detail.tmall.com/item.htm?id=1063663665549&spm=a21dvs.23580594.0.0.598430fcW3sYJg,79.9,栗子,运营二组,童装/婴儿装/亲子装>裤子>裤子,童装/婴儿装/亲子装,裤子,裤子,image.png,普通童装,,,,,,,
2026,2026/07/03,1062657578761,小动能弹弹棉T,KQ26140,新品,https://detail.tmall.com/item.htm?id=1062657578761&spm=a21dvs.23580594.0.0.598430fcW3sYJg,49.9,虾滑,运营二组,童装/婴儿装/亲子装>T恤>T恤,童装/婴儿装/亲子装,T恤,T恤,image.png,普通童装,,,,,,儿童速干T恤,
2026,2026/07/03,1064587664534,小云盾机能裤,KQ26138,新品,https://detail.tmall.com/item.htm?id=1064587664534&spm=a21dvs.23580594.0.0.598430fcW3sYJg,95.9,桃酥,运营三组,童装/婴儿装/亲子装>裤子>裤子,童装/婴儿装/亲子装,裤子,裤子,image.png,普通童装,,,,,,,
2026,,1064684642526,小风息户外马甲,KQ26194,新品,https://detail.tmall.com/item.htm?id=1064684642526&spm=a21dvs.23580594.0.0.5984645empaatJ,69.9,栗子,运营二组,童装/婴儿装/亲子装>马甲>马甲,童装/婴儿装/亲子装,马甲,马甲,image.png,普通童装,,,,,,,
2026,,,小护甲机能裤,KQ26143,新品,,69.9,栗子,运营二组,,,,,,,,,,,,,
2026,2026/07/10,1065650301510,小酷跑棉感速干T,KQ26201,新品,https://detail.tmall.com/item.htm?id=1065650301510&spm=a21dvs.23580594.0.0.5984645empaatJ,45.9,桃酥,运营三组,童装/婴儿装/亲子装>T恤>T恤,童装/婴儿装/亲子装,T恤,T恤,image.png,速干衣裤,,,,,,儿童速干T恤,
2026,,1065695713292,小括号弯刀裤,KQ26178,新品,https://detail.tmall.com/item.htm?id=1065695713292&sku_properties=1627207%3A135977102&spm=a21dvs.23580594.0.0.4d562c1bbmKxAM,"89.9,99.9",虾滑,运营二组,童装/婴儿装/亲子装>裤子>裤子,童装/婴儿装/亲子装,裤子,裤子,image.png,软壳衣裤,,,,,,,
2026,,,小乐驰咩咩绒运动裤,KQ26182,新品,,69.9,热狗,运营一组,,,,,,,,,,,,,
2026,,,小乐驰咩咩绒运动外套,KQ26185,新品,,79.9,热狗,运营一组,,,,,,,,,,,,,
2026,,,小乐驰咩咩绒运动卫衣,KQ26181,新品,,69.9,热狗,运营一组,,,,,,,,,,,,,
2026,,1065752808650,小乐驰咩咩绒运动卫衣/外套+运动裤,KQ26185,新品,https://detail.tmall.com/item.htm?id=1065752808650&spm=a21dvs.23580594.0.0.4b944b51VTbj7Z,129.9/139.9,热狗,运营一组,童装/婴儿装/亲子装>套装>套装,童装/婴儿装/亲子装,套装,套装,image.png,普通童装,,,,,,,
2026,,1063014923824,小软壳省心裤,KQ26152,新品,https://detail.tmall.com/item.htm?id=1063014923824&spm=a21dvs.23580594.0.0.4b94645eHDxXwP,79.9/89.9,洋葱,运营一组,童装/婴儿装/亲子装>裤子>裤子,童装/婴儿装/亲子装,裤子,裤子,image.png,普通童装,,,,,,,
2026,2026/07/06,1063532874127,小顽童冲锋裤,KQ26175,新品,https://detail.tmall.com/item.htm?id=1063532874127&spm=a21dvs.23580594.0.0.598430fciQfogr,"99.9,109.9",曲奇,运营三组,童装/婴儿装/亲子装>裤子>裤子,童装/婴儿装/亲子装,裤子,裤子,image.png,冲锋裤,,,,,,,
2026,2026/07/07,1063776966979,小笑脸软壳衣,KQ26173,新品,https://detail.tmall.com/item.htm?id=1063776966979&spm=a21dvs.23580594.0.0.5984645eKjQN8J,109.9,栗子,运营二组,童装/婴儿装/亲子装>儿童户外服>儿童冲锋衣,童装/婴儿装/亲子装,儿童户外服,儿童冲锋衣,image.png,软壳衣裤,,,,,,,
2026,2026/07/11,1066911636831,小跃然咩咩绒运动套装,KQ26174,新品,https://detail.tmall.com/item.htm?id=1066911636831&spm=a211lz.success.0.0.356b2b90eLK88l,119.9,曲奇,运营三组,童装/婴儿装/亲子装>套装,,,,2.jpg,普通童装,,,,,,,
2026,,1063029831803,驭途者机能裤,KQ26144,新品,https://detail.tmall.com/item.htm?id=1063029831803&spm=a21dvs.23580594.0.0.4b94645eHDxXwP,69.9,洋葱,运营一组,童装/婴儿装/亲子装>裤子>裤子,童装/婴儿装/亲子装,裤子,裤子,image.png,普通童装,,,,,,,
2026,2026/07/06,1064427361215,小萌包婴儿胎帽,KQ26208,新品,https://detail.tmall.com/item.htm?id=1064427361215&spm=a21dvs.23580594.0.0.5984645eh0IbUo&sku_properties=20017%3A44250738708,29.9,栗子,运营二组,童装/婴儿装/亲子装>帽子/围巾/口罩/手套/耳套/脚套>帽子,童装/婴儿装/亲子装,帽子/围巾/口罩/手套/耳套/脚套,帽子,image.png,秋冬帽,,,,,,,
2026,2026/07/03,1062706954085,小时光猫耳帽,KQ26212,新品,https://detail.tmall.com/item.htm?id=1062706954085&spm=a21dvs.23580594.0.0.598430fcW3sYJg&sku_properties=20017%3A22266187658,35.9,洋葱,运营一组,童装/婴儿装/亲子装>帽子/围巾/口罩/手套/耳套/脚套>帽子,童装/婴儿装/亲子装,帽子/围巾/口罩/手套/耳套/脚套,帽子,image.png,秋冬帽,,,,,,,
2026,,,宝可萌软檐鸭舌帽,KQ26203,新品,,39.9,热狗,运营一组,,,,,,,,,,,,,
2026,,,棉花糖咩咩绒T,KQ26142,新品,,49.9,桃酥,运营三组,,,,,,,,,,,,,
2026,,,暖蓬蓬抓绒衣,KQ26162,新品,,75.9,墨鱼,运营一组,,,,,,抓绒衣裤,,,,,,,
2026,,,随心翻软壳衣,KQ26196,新品,,119.9,曲奇,运营三组,,,,,,软壳衣裤,,,,,,,
2026,,,小彩兜捡秋衣,KQ26198,新品,,139.9,虾滑,运营二组,,,,,,,,,,,,,
2026,,,小彩兜抓绒衣,KQ26199,新品,,49.9,栗子,运营二组,,,,,,抓绒衣裤,,,,,,,
2026,,,小彩盾冲锋衣,KQ26177,新品,,149.9,墨鱼,运营一组,,,,,,,,,,,,,
2026,,,小飞弧咩咩绒T,KQ26148,新品,,39.9,洋葱,运营一组,,,,,,,,,,,,,
2026,,,小锋线机能马甲,KQ26155,新品,,59.9,热狗,运营一组,,,,,,,,,,,,,
2026,,,小风行冲锋衣,KQ26154,新品,,159.9,桃酥,运营三组,,,,,,冲锋衣,,,,,,,
2026,,,小立领格格绒卫衣,KQ26147,新品,,69.9,虾滑,运营二组,,,,,,,,,,,,,
2026,,,小暖宝抓绒马甲,KQ26183,新品,,39.9,虾滑,运营二组,,,,,,,,,,,,,
2026,,,小暖羽抓绒衣,KQ26156,新品,,69.9,洋葱,运营一组,,,,,,抓绒衣裤,,,,,,,
2026,,,小糯壳抓绒衣,KQ26187,新品,,59.9,虾滑,运营二组,,,,,,软壳衣裤,,,,,,,
2026,,,小热岛抓绒衣,KQ26158,新品,,79.9,桃酥,运营三组,,,,,,抓绒衣裤,,,,,,,
2026,,,小软糖冲锋衣,KQ26184,新品,,199.9,洋葱,运营一组,,,,,,冲锋衣,,,,,,,
2026,,,小软云咩咩绒T,KQ26150,新品,,39.9,曲奇,运营三组,,,,,,,,,,,,,
2026,,,小弯刀自在裤,KQ26180,新品,,79.9,曲奇,运营三组,,,,,,,,,,,,,
2026,,,小笑脸飞盘,KQ26270,新品,,"29.9,39.9",热狗,运营一组,,,,,,,,,,,,,
2026,,,小笑脸咩咩绒连帽T,KQ26149,新品,,49.9,栗子,运营二组,,,,,,,,,,,,,
2026,,,小笑脸自在裤,KQ26192,新品,,59.9,墨鱼,运营一组,,,,,,,,,,,,,
2026,,,小焰甲软壳衣,KQ26159,新品,,119.9,洋葱,运营一组,,,,,,软壳衣裤,,,,,,,
2026,,,小羽盾软壳衣,KQ26160,新品,,139.9,热狗,运营一组,,,,,,软壳衣裤,,,,,,,
2026,,,小元气冲锋衣,KQ26161,新品,,159.9,栗子,运营二组,,,,,,冲锋衣,,,,,,,
2026,,,小跃动自在裤,KQ26193,新品,,69.9,虾滑,运营二组,,,,,,,,,,,,,
2026,,,小云朵暖绒T（半高领款）,KQ26219,新品,,49.9,,,,,,,,,,,,,,,
2026,,,小云朵暖绒T（圆领款）,KQ26151,新品,,45.9,,,,,,,,,,,,,,,
2026,,,小云暖抓绒马甲（按扣款）,KQ26169,新品,,45.9,曲奇,运营三组,,,,,,,,,,,,,
2026,,,小云暖抓绒马甲（拉链款）,KQ26165,新品,,49.9,虾滑,运营二组,,,,,,,,,,,,,
2026,2026/07/14,1067657308054,小海兔大框泳镜（副）,KQ26106,S级,https://detail.tmall.com/item.htm?id=1067657308054&sku_properties=122216515%3A43661874180&spm=a21dvs.23580594.0.0.598430fcNCMZLA,29.9,墨鱼,运营一组,居家日用>防护用品>护目镜,居家日用,防护用品,护目镜,image.png,泳镜,,,,,,,
2026,2026/07/01,1063235037869,小弧线弹弹棉T,KQ26141,新品,https://detail.tmall.com/item.htm?abbucket=12&id=1064192768558&pisk=hz4ihaXdBgDT-6Id-1ER5ECdoMQJ-IV7axL90VyhnJyjBEnA1Eq3NJfsk-Fqn-2KdFEOfmHDiv2wkcIdy5Z_qck_Ifl2LsloGEkKq42b1qgVnBLV2aj0PhuR_jkVt2lqNfuqbq-e8vGvbxyqQDJEGjgq3-uVt2lSwKJZbxuF8jDE_xlq327Eibt23flwT6cjLxuqu-uFtjME3quVPFVGMHuvrC61uftxOXanTtMywvGI6kGZjrPZKXhKUBg_zWVOIUNK522owRQeS8V7RJcUUZXnlJZ43j2FPHz20nv7OSUHwaEOFWeULk-cQTQUQWF_medCe_zq8SovGsSRkPUg488hkaUYukug0wCLzTZ85WavRNQA1xu_gWRP3aW7K51ne8-Y_NZwBViNt6x5fclI6TChtntjbXGne6fHVdiZOfBR.&rn=aeb0068100556f8db4d1239aeca95b68&spm=a1z10.3-b-s.w4011-14899565465.110.399a367cvBLvBk,59.9,热狗,运营一组,童装/婴儿装/亲子装>T恤>T恤,童装/婴儿装/亲子装,T恤,T恤,image.png,普通童装,,,,,,儿童速干T恤,
2026,2026/07/01,1064192768558,小风迹棉感速干T,KQ26146,新品,https://detail.tmall.com/item.htm?spm=a1z10.3-b-s.w4011-14899565465.114.399a367cvBLvBk&id=1063235037869&rn=aeb0068100556f8db4d1239aeca95b68&abbucket=12&pisk=hDujhbYDlN0QIr4wqFtnRHUD0PztDAyaQfeTG82YurJmC5hsdmrTQjz61Y2ru-l4kRQsQfuqQf3a6VaaWpr_sNMlnWFhXFPTDThXfheWLe8ENnF07bhwBwvbrWNLWSeAkzd7_5IODAEOybeus5BYW-dSw8VTWSeT6_B8_WFAMlHTybFQs5QYMPeReSVFMPUtBbd7s8FYWPHtwQNGPY3JLy1V6TVXUz7FLJhYHjl21SBUBY2RWp37G92Lftjw_qHr6qu0qMKQSboICcHMYg4j6mUYTjYfPyhx4HRP7i3a7d3-j40K_iYvQ0GK8xU5PUpjDx4rH26CYL8nYbhYxTxjuHMx6rnhde8nc-4ozf5M-HOn3jz-aeO6UQisnzlNkUnGjNTX3z57Hnt_D7Vb4QO5HcqYZ7weNQsGjoFuG8RWNtnG.,59.9,曲奇,运营三组,童装/婴儿装/亲子装>T恤>T恤,童装/婴儿装/亲子装,T恤,T恤,image.png,普通童装,,,,,,儿童速干T恤,
2026,2026/06/29,1063598744860,小耳语婴儿胎帽,KQ26207,新品,https://detail.tmall.com/item.htm?id=1063598744860&sku_properties=20017%3A3484965%3B20509%3A44205992827&spm=a21dvs.23580594.0.0.5984645eZk6Jbp,29.9/49.9,曲奇,运营三组,童装/婴儿装/亲子装>帽子/围巾/口罩/手套/耳套/脚套>帽子,童装/婴儿装/亲子装,帽子/围巾/口罩/手套/耳套/脚套,帽子,image.png,秋冬帽,,,,,,,
